product;specdtl;filename;page
Spesifikasi Hardware - Server Category 1 - Dell R760 - 6444Y 3.6G, 16C x2;Specification each unit : (Qty=1);BOQ1.pdf;1
Spesifikasi Hardware - Server Category 1 - Dell R760 - 6444Y 3.6G, 16C x2;Trusted Platform Module 2.0 V3 (Qty=1);BOQ1.pdf;1
Spesifikasi Hardware - Server Category 1 - Dell R760 - 6444Y 3.6G, 16C x2;"2.5"" Chassis with up to 8 NVMe HWRAID Drives, Front PERC 12 (Qty=1)";BOQ1.pdf;1
Spesifikasi Hardware - Server Category 1 - Dell R760 - 6444Y 3.6G, 16C x2;Intel  Xeon  Gold 6444Y 3.6G, 16C/32T, 16GT/s, 45M Cache, Turbo, HT (270W) DDR5-4800 (Qty=1);BOQ1.pdf;1
Spesifikasi Hardware - Server Category 1 - Dell R760 - 6444Y 3.6G, 16C x2;Intel  Xeon  Gold 6444Y 3.6G, 16C/32T, 16GT/s, 45M Cache, Turbo, HT (270W) DDR5-4800 (Qty=1);BOQ1.pdf;1
Spesifikasi Hardware - Server Category 1 - Dell R760 - 6444Y 3.6G, 16C x2;Heatsink for 2 CPU configuration (CPU greater than 165W) (Qty=1);BOQ1.pdf;1
Spesifikasi Hardware - Server Category 1 - Dell R760 - 6444Y 3.6G, 16C x2;Performance Optimized (Qty=1);BOQ1.pdf;1
Spesifikasi Hardware - Server Category 1 - Dell R760 - 6444Y 3.6G, 16C x2;4800MT/s RDIMMs (Qty=1);BOQ1.pdf;1
Spesifikasi Hardware - Server Category 1 - Dell R760 - 6444Y 3.6G, 16C x2;16GB RDIMM, 4800MT/s Single Rank (Qty=16);BOQ1.pdf;1
Spesifikasi Hardware - Server Category 1 - Dell R760 - 6444Y 3.6G, 16C x2;C33, RAID 1 with NVMe and front PERC (Qty=1);BOQ1.pdf;1
Spesifikasi Hardware - Server Category 1 - Dell R760 - 6444Y 3.6G, 16C x2;PERC H965i Controller, Front (Qty=1);BOQ1.pdf;1
Spesifikasi Hardware - Server Category 1 - Dell R760 - 6444Y 3.6G, 16C x2;Front PERC Mechanical Parts, rear load (Qty=1);BOQ1.pdf;1
Spesifikasi Hardware - Server Category 1 - Dell R760 - 6444Y 3.6G, 16C x2;BOSS-N1 controller card + with 2 M.2 480GB (RAID 1) (Qty=1);BOQ1.pdf;1
Spesifikasi Hardware - Server Category 1 - Dell R760 - 6444Y 3.6G, 16C x2;BOSS Cables and Bracket for R760 (Riser 1) (Qty=1);BOQ1.pdf;1
Spesifikasi Hardware - Server Category 1 - Dell R760 - 6444Y 3.6G, 16C x2;1.6TB Enterprise NVMe Mixed Use AG Drive U.2 Gen4 with carrier (Qty=2);BOQ1.pdf;1
Spesifikasi Hardware - Server Category 1 - Dell R760 - 6444Y 3.6G, 16C x2;Performance BIOS Setting (Qty=1);BOQ1.pdf;1
Spesifikasi Hardware - Server Category 1 - Dell R760 - 6444Y 3.6G, 16C x2;UEFI BIOS Boot Mode with GPT Partition (Qty=1);BOQ1.pdf;1
Spesifikasi Hardware - Server Category 1 - Dell R760 - 6444Y 3.6G, 16C x2;Very High Performance Fan x6 (Qty=1);BOQ1.pdf;1
Spesifikasi Hardware - Server Category 1 - Dell R760 - 6444Y 3.6G, 16C x2;Dual, Hot-Plug,Power Supply Redundant (1+1), 1400W, Mixed Mode (Qty=1);BOQ1.pdf;1
Spesifikasi Hardware - Server Category 1 - Dell R760 - 6444Y 3.6G, 16C x2;Jumper Cord - C13/C14, 4M, 250V, 10A (US, EU, TW, APCC countries except ANZ) (Qty=2);BOQ1.pdf;1
Spesifikasi Hardware - Server Category 1 - Dell R760 - 6444Y 3.6G, 16C x2;Power Cord - C13, 1.9M, 250V, 10A (Indonesia, Laos, Vietnam) (Qty=2);BOQ1.pdf;1
Spesifikasi Hardware - Server Category 1 - Dell R760 - 6444Y 3.6G, 16C x2;Riser Config 1, 6x8 FH Slots (Gen4), 2x16 LP Slots (Gen4) (Qty=1);BOQ1.pdf;1
Spesifikasi Hardware - Server Category 1 - Dell R760 - 6444Y 3.6G, 16C x2;Motherboard supports ALL CPUs (required for CPUs 250W and above) (Qty=1);BOQ1.pdf;1
Spesifikasi Hardware - Server Category 1 - Dell R760 - 6444Y 3.6G, 16C x2;Intel E810-XXV Dual Port 10/25GbE SFP28, OCP NIC 3.0 (Qty=1);BOQ1.pdf;1
Spesifikasi Hardware - Server Category 1 - Dell R760 - 6444Y 3.6G, 16C x2;Broadcom 5720 Dual Port 1GbE LOM (Qty=1);BOQ1.pdf;1
Spesifikasi Hardware - Server Category 1 - Dell R760 - 6444Y 3.6G, 16C x2;Intel E810-XXV Dual Port 10/25GbE SFP28 Adapter, PCIe Full Height (Qty=3);BOQ1.pdf;1
Spesifikasi Hardware - Server Category 1 - Dell R760 - 6444Y 3.6G, 16C x2;Intel E810-XXV Dual Port 10/25GbE SFP28 Adapter, PCIe Low Profile (Qty=1);BOQ1.pdf;1
Spesifikasi Hardware - Server Category 1 - Dell R760 - 6444Y 3.6G, 16C x2;SolarFlare XtremeScale X2522 PLUS 10/25GbE PCIe DP SFP28, UltraLow Latency, TCP Direct,PTP, FH - DSS (Qty=2);BOQ1.pdf;1
Spesifikasi Hardware - Server Category 1 - Dell R760 - 6444Y 3.6G, 16C x2;SI,MOD,PCI,SFM10G-SR,10G,TRSVR (Qty=4);BOQ1.pdf;1
Spesifikasi Hardware - Server Category 1 - Dell R760 - 6444Y 3.6G, 16C x2;No Cables Required (Qty=1);BOQ1.pdf;1
Spesifikasi Hardware - Server Category 1 - Dell R760 - 6444Y 3.6G, 16C x2;PowerEdge 2U Standard Bezel (Qty=1);BOQ1.pdf;1
Spesifikasi Hardware - Server Category 1 - Dell R760 - 6444Y 3.6G, 16C x2;SFP+, SR, Optical Transceiver, Intel, 10Gb-1Gb (Qty=8);BOQ1.pdf;1
Spesifikasi Hardware - Server Category 1 - Dell R760 - 6444Y 3.6G, 16C x2;SFP28 SR Optic, 25GbE, 85C, for all SFP28 ports (Qty=2);BOQ1.pdf;1
Spesifikasi Hardware - Server Category 1 - Dell R760 - 6444Y 3.6G, 16C x2;Red Hat Enterprise Linux, Non Factory Install, Requires License & Subscription Selection (Qty=1);BOQ1.pdf;1
Spesifikasi Hardware - Server Category 1 - Dell R760 - 6444Y 3.6G, 16C x2;No Media Required (Qty=1);BOQ1.pdf;1
Spesifikasi Hardware - Server Category 1 - Dell R760 - 6444Y 3.6G, 16C x2;RHEL, 2SKT,1 Physical OR 2Guest,3Yr PREMIUM SUB,Digitally Fulfilled (Qty=1);BOQ1.pdf;1
Spesifikasi Hardware - Server Category 1 - Dell R760 - 6444Y 3.6G, 16C x2;iDRAC9, Enterprise 16G (Qty=1);BOQ1.pdf;1
Spesifikasi Hardware - Server Category 1 - Dell R760 - 6444Y 3.6G, 16C x2;OpenManage Enterprise Advanced (Qty=1);BOQ1.pdf;1
Spesifikasi Hardware - Server Category 1 - Dell R760 - 6444Y 3.6G, 16C x2;No Quick Sync (Qty=1);BOQ1.pdf;1
Spesifikasi Hardware - Server Category 1 - Dell R760 - 6444Y 3.6G, 16C x2;iDRAC,Legacy Password (Qty=1);BOQ1.pdf;1
Spesifikasi Hardware - Server Category 1 - Dell R760 - 6444Y 3.6G, 16C x2;iDRAC Service Module (ISM), NOT Installed (Qty=1);BOQ1.pdf;1
Spesifikasi Hardware - Server Category 1 - Dell R760 - 6444Y 3.6G, 16C x2;Spesifikasi Teknis (Qty=1);BOQ1.pdf;2
Spesifikasi Hardware - Server Category 1 - Dell R760 - 6444Y 3.6G, 16C x2;iDRAC Group Manager, Enabled (Qty=1);BOQ1.pdf;2
Spesifikasi Hardware - Server Category 1 - Dell R760 - 6444Y 3.6G, 16C x2;Cable Management Arm, 2U (Qty=1);BOQ1.pdf;2
Spesifikasi Hardware - Server Category 1 - Dell R760 - 6444Y 3.6G, 16C x2;ReadyRails Sliding Rails (Qty=1);BOQ1.pdf;2
Spesifikasi Hardware - Server Category 1 - Dell R760 - 6444Y 3.6G, 16C x2;No Systems Documentation, No OpenManage DVD Kit (Qty=1);BOQ1.pdf;2
Spesifikasi Hardware - Server Category 1 - Dell R760 - 6444Y 3.6G, 16C x2;Prosupport Plus and 4Hr Mission Critical, 36 Month(s) (Qty=1);BOQ1.pdf;2
Spesifikasi Hardware - Golden Unit Server Category 1 - Dell R760 - 6444Y 3.6G, 16C x2;Specification each unit : (Qty=1);BOQ1.pdf;2
Spesifikasi Hardware - Golden Unit Server Category 1 - Dell R760 - 6444Y 3.6G, 16C x2;Trusted Platform Module 2.0 V3 (Qty=1);BOQ1.pdf;2
Spesifikasi Hardware - Golden Unit Server Category 1 - Dell R760 - 6444Y 3.6G, 16C x2;"2.5"" Chassis with up to 8 NVMe HWRAID Drives, Front PERC 12 (Qty=1)";BOQ1.pdf;2
Spesifikasi Hardware - Golden Unit Server Category 1 - Dell R760 - 6444Y 3.6G, 16C x2;Intel  Xeon  Gold 6444Y 3.6G, 16C/32T, 16GT/s, 45M Cache, Turbo, HT (270W) DDR5-4800 (Qty=1);BOQ1.pdf;2
Spesifikasi Hardware - Golden Unit Server Category 1 - Dell R760 - 6444Y 3.6G, 16C x2;Intel  Xeon  Gold 6444Y 3.6G, 16C/32T, 16GT/s, 45M Cache, Turbo, HT (270W) DDR5-4800 (Qty=1);BOQ1.pdf;2
Spesifikasi Hardware - Golden Unit Server Category 1 - Dell R760 - 6444Y 3.6G, 16C x2;Heatsink for 2 CPU configuration (CPU greater than 165W) (Qty=1);BOQ1.pdf;2
Spesifikasi Hardware - Golden Unit Server Category 1 - Dell R760 - 6444Y 3.6G, 16C x2;Performance Optimized (Qty=1);BOQ1.pdf;2
Spesifikasi Hardware - Golden Unit Server Category 1 - Dell R760 - 6444Y 3.6G, 16C x2;4800MT/s RDIMMs (Qty=1);BOQ1.pdf;2
Spesifikasi Hardware - Golden Unit Server Category 1 - Dell R760 - 6444Y 3.6G, 16C x2;16GB RDIMM, 4800MT/s Single Rank (Qty=16);BOQ1.pdf;2
Spesifikasi Hardware - Golden Unit Server Category 1 - Dell R760 - 6444Y 3.6G, 16C x2;C33, RAID 1 with NVMe and front PERC (Qty=1);BOQ1.pdf;2
Spesifikasi Hardware - Golden Unit Server Category 1 - Dell R760 - 6444Y 3.6G, 16C x2;PERC H965i Controller, Front (Qty=1);BOQ1.pdf;2
Spesifikasi Hardware - Golden Unit Server Category 1 - Dell R760 - 6444Y 3.6G, 16C x2;Front PERC Mechanical Parts, rear load (Qty=1);BOQ1.pdf;2
Spesifikasi Hardware - Golden Unit Server Category 1 - Dell R760 - 6444Y 3.6G, 16C x2;BOSS-N1 controller card + with 2 M.2 480GB (RAID 1) (Qty=1);BOQ1.pdf;2
Spesifikasi Hardware - Golden Unit Server Category 1 - Dell R760 - 6444Y 3.6G, 16C x2;BOSS Cables and Bracket for R760 (Riser 1) (Qty=1);BOQ1.pdf;2
Spesifikasi Hardware - Golden Unit Server Category 1 - Dell R760 - 6444Y 3.6G, 16C x2;1.6TB Enterprise NVMe Mixed Use AG Drive U.2 Gen4 with carrier (Qty=2);BOQ1.pdf;2
Spesifikasi Hardware - Golden Unit Server Category 1 - Dell R760 - 6444Y 3.6G, 16C x2;Performance BIOS Setting (Qty=1);BOQ1.pdf;2
Spesifikasi Hardware - Golden Unit Server Category 1 - Dell R760 - 6444Y 3.6G, 16C x2;UEFI BIOS Boot Mode with GPT Partition (Qty=1);BOQ1.pdf;2
Spesifikasi Hardware - Golden Unit Server Category 1 - Dell R760 - 6444Y 3.6G, 16C x2;Very High Performance Fan x6 (Qty=1);BOQ1.pdf;2
Spesifikasi Hardware - Golden Unit Server Category 1 - Dell R760 - 6444Y 3.6G, 16C x2;Dual, Hot-Plug,Power Supply Redundant (1+1), 1400W, Mixed Mode (Qty=1);BOQ1.pdf;2
Spesifikasi Hardware - Golden Unit Server Category 1 - Dell R760 - 6444Y 3.6G, 16C x2;Jumper Cord - C13/C14, 4M, 250V, 10A (US, EU, TW, APCC countries except ANZ) (Qty=2);BOQ1.pdf;2
Spesifikasi Hardware - Golden Unit Server Category 1 - Dell R760 - 6444Y 3.6G, 16C x2;Power Cord - C13, 1.9M, 250V, 10A (Indonesia, Laos, Vietnam) (Qty=2);BOQ1.pdf;2
Spesifikasi Hardware - Golden Unit Server Category 1 - Dell R760 - 6444Y 3.6G, 16C x2;Riser Config 1, 6x8 FH Slots (Gen4), 2x16 LP Slots (Gen4) (Qty=1);BOQ1.pdf;2
Spesifikasi Hardware - Golden Unit Server Category 1 - Dell R760 - 6444Y 3.6G, 16C x2;Motherboard supports ALL CPUs (required for CPUs 250W and above) (Qty=1);BOQ1.pdf;2
Spesifikasi Hardware - Golden Unit Server Category 1 - Dell R760 - 6444Y 3.6G, 16C x2;Intel E810-XXV Dual Port 10/25GbE SFP28, OCP NIC 3.0 (Qty=1);BOQ1.pdf;2
Spesifikasi Hardware - Golden Unit Server Category 1 - Dell R760 - 6444Y 3.6G, 16C x2;Broadcom 5720 Dual Port 1GbE LOM (Qty=1);BOQ1.pdf;2
Spesifikasi Hardware - Golden Unit Server Category 1 - Dell R760 - 6444Y 3.6G, 16C x2;Intel E810-XXV Dual Port 10/25GbE SFP28 Adapter, PCIe Full Height (Qty=3);BOQ1.pdf;2
Spesifikasi Hardware - Golden Unit Server Category 1 - Dell R760 - 6444Y 3.6G, 16C x2;Intel E810-XXV Dual Port 10/25GbE SFP28 Adapter, PCIe Low Profile (Qty=1);BOQ1.pdf;2
Spesifikasi Hardware - Golden Unit Server Category 1 - Dell R760 - 6444Y 3.6G, 16C x2;SolarFlare XtremeScale X2522 PLUS 10/25GbE PCIe DP SFP28, UltraLow Latency, TCP Direct,PTP, FH - DSS (Qty=6);BOQ1.pdf;2
Spesifikasi Hardware - Golden Unit Server Category 1 - Dell R760 - 6444Y 3.6G, 16C x2;SI,MOD,PCI,SFM10G-SR,10G,TRSVR (Qty=12);BOQ1.pdf;2
Spesifikasi Hardware - Golden Unit Server Category 1 - Dell R760 - 6444Y 3.6G, 16C x2;No Cables Required (Qty=1);BOQ1.pdf;2
Spesifikasi Hardware - Golden Unit Server Category 1 - Dell R760 - 6444Y 3.6G, 16C x2;PowerEdge 2U Standard Bezel (Qty=1);BOQ1.pdf;2
Spesifikasi Hardware - Golden Unit Server Category 1 - Dell R760 - 6444Y 3.6G, 16C x2;SFP+, SR, Optical Transceiver, Intel, 10Gb-1Gb (Qty=8);BOQ1.pdf;2
Spesifikasi Hardware - Golden Unit Server Category 1 - Dell R760 - 6444Y 3.6G, 16C x2;SFP28 SR Optic, 25GbE, 85C, for all SFP28 ports (Qty=2);BOQ1.pdf;2
Spesifikasi Hardware - Golden Unit Server Category 1 - Dell R760 - 6444Y 3.6G, 16C x2;Red Hat Enterprise Linux, Non Factory Install, Requires License & Subscription Selection (Qty=1);BOQ1.pdf;2
Spesifikasi Hardware - Golden Unit Server Category 1 - Dell R760 - 6444Y 3.6G, 16C x2;No Media Required (Qty=1);BOQ1.pdf;2
Spesifikasi Hardware - Golden Unit Server Category 1 - Dell R760 - 6444Y 3.6G, 16C x2;RHEL, 2SKT,1 Physical OR 2Guest,3Yr PREMIUM SUB,Digitally Fulfilled (Qty=1);BOQ1.pdf;2
Spesifikasi Hardware - Golden Unit Server Category 1 - Dell R760 - 6444Y 3.6G, 16C x2;iDRAC9, Enterprise 16G (Qty=1);BOQ1.pdf;2
Spesifikasi Hardware - Golden Unit Server Category 1 - Dell R760 - 6444Y 3.6G, 16C x2;OpenManage Enterprise Advanced (Qty=1);BOQ1.pdf;2
Spesifikasi Hardware - Golden Unit Server Category 1 - Dell R760 - 6444Y 3.6G, 16C x2;Spesifikasi Teknis (Qty=1);BOQ1.pdf;3
Spesifikasi Hardware - Golden Unit Server Category 1 - Dell R760 - 6444Y 3.6G, 16C x2;No Quick Sync (Qty=1);BOQ1.pdf;3
Spesifikasi Hardware - Golden Unit Server Category 1 - Dell R760 - 6444Y 3.6G, 16C x2;iDRAC,Legacy Password (Qty=1);BOQ1.pdf;3
Spesifikasi Hardware - Golden Unit Server Category 1 - Dell R760 - 6444Y 3.6G, 16C x2;iDRAC Service Module (ISM), NOT Installed (Qty=1);BOQ1.pdf;3
Spesifikasi Hardware - Golden Unit Server Category 1 - Dell R760 - 6444Y 3.6G, 16C x2;iDRAC Group Manager, Enabled (Qty=1);BOQ1.pdf;3
Spesifikasi Hardware - Golden Unit Server Category 1 - Dell R760 - 6444Y 3.6G, 16C x2;Cable Management Arm, 2U (Qty=1);BOQ1.pdf;3
Spesifikasi Hardware - Golden Unit Server Category 1 - Dell R760 - 6444Y 3.6G, 16C x2;ReadyRails Sliding Rails (Qty=1);BOQ1.pdf;3
Spesifikasi Hardware - Golden Unit Server Category 1 - Dell R760 - 6444Y 3.6G, 16C x2;No Systems Documentation, No OpenManage DVD Kit (Qty=1);BOQ1.pdf;3
Spesifikasi Hardware - Golden Unit Server Category 1 - Dell R760 - 6444Y 3.6G, 16C x2;Prosupport Plus and 4Hr Mission Critical, 36 Month(s) (Qty=1);BOQ1.pdf;3
Spesifikasi Hardware - Server Category 2 - Dell R760 6434 3.7G, 8C x1;Specification each unit : (Qty=1);BOQ1.pdf;3
Spesifikasi Hardware - Server Category 2 - Dell R760 6434 3.7G, 8C x1;PowerEdge R760 Server (Qty=1);BOQ1.pdf;3
Spesifikasi Hardware - Server Category 2 - Dell R760 6434 3.7G, 8C x1;Trusted Platform Module 2.0 V3 (Qty=1);BOQ1.pdf;3
Spesifikasi Hardware - Server Category 2 - Dell R760 6434 3.7G, 8C x1;"2.5"" Chassis with up to 16 Drives (8 SAS/SATA + 8 NVMe HWRAID), Smart Flow, Dual Controller,Front PERC 12 (Qty=1)";BOQ1.pdf;3
Spesifikasi Hardware - Server Category 2 - Dell R760 6434 3.7G, 8C x1;Intel  Xeon  Gold 6434 3.7G, 8C/16T, 16GT/s, 23M Cache, Turbo, HT (195W) DDR5-4800 (Qty=1);BOQ1.pdf;3
Spesifikasi Hardware - Server Category 2 - Dell R760 6434 3.7G, 8C x1;No Additional Processor (Qty=1);BOQ1.pdf;3
Spesifikasi Hardware - Server Category 2 - Dell R760 6434 3.7G, 8C x1;Heatsink for 1 CPU configuration (CPU greater than 165W) (Qty=1);BOQ1.pdf;3
Spesifikasi Hardware - Server Category 2 - Dell R760 6434 3.7G, 8C x1;Performance Optimized (Qty=1);BOQ1.pdf;3
Spesifikasi Hardware - Server Category 2 - Dell R760 6434 3.7G, 8C x1;4800MT/s RDIMMs (Qty=1);BOQ1.pdf;3
Spesifikasi Hardware - Server Category 2 - Dell R760 6434 3.7G, 8C x1;16GB RDIMM, 4800MT/s Single Rank (Qty=8);BOQ1.pdf;3
Spesifikasi Hardware - Server Category 2 - Dell R760 6434 3.7G, 8C x1;C49, No RAID for drives on x16BP (Qty=1);BOQ1.pdf;3
Spesifikasi Hardware - Server Category 2 - Dell R760 6434 3.7G, 8C x1;PERC H965i Controller, Front (Qty=1);BOQ1.pdf;3
Spesifikasi Hardware - Server Category 2 - Dell R760 6434 3.7G, 8C x1;PERC H965i Controller, Front (Qty=1);BOQ1.pdf;3
Spesifikasi Hardware - Server Category 2 - Dell R760 6434 3.7G, 8C x1;Front PERC Mechanical Parts, rear load (Qty=1);BOQ1.pdf;3
Spesifikasi Hardware - Server Category 2 - Dell R760 6434 3.7G, 8C x1;Front PERC Mechanical Parts, rear load (Qty=1);BOQ1.pdf;3
Spesifikasi Hardware - Server Category 2 - Dell R760 6434 3.7G, 8C x1;480GB SSD SATA Read Intensive 6Gbps 512 2.5in Hot-plug AG Drive, 1 DWPD (Qty=2);BOQ1.pdf;3
Spesifikasi Hardware - Server Category 2 - Dell R760 6434 3.7G, 8C x1;1.6TB Enterprise NVMe Mixed Use AG Drive U.2 Gen4 with carrier (Qty=2);BOQ1.pdf;3
Spesifikasi Hardware - Server Category 2 - Dell R760 6434 3.7G, 8C x1;Performance BIOS Setting (Qty=1);BOQ1.pdf;3
Spesifikasi Hardware - Server Category 2 - Dell R760 6434 3.7G, 8C x1;UEFI BIOS Boot Mode with GPT Partition (Qty=1);BOQ1.pdf;3
Spesifikasi Hardware - Server Category 2 - Dell R760 6434 3.7G, 8C x1;Very High Performance Fan x6 (Qty=1);BOQ1.pdf;3
Spesifikasi Hardware - Server Category 2 - Dell R760 6434 3.7G, 8C x1;Dual, Hot-Plug,Power Supply Fault Tolerant Redundant (1+1), 1400W, Mixed Mode (Qty=1);BOQ1.pdf;3
Spesifikasi Hardware - Server Category 2 - Dell R760 6434 3.7G, 8C x1;Jumper Cord - C13/C14, 4M, 250V, 10A (US, EU, TW, APCC countries except ANZ) (Qty=2);BOQ1.pdf;3
Spesifikasi Hardware - Server Category 2 - Dell R760 6434 3.7G, 8C x1;Power Cord - C13, 1.9M, 250V, 10A (Indonesia, Laos, Vietnam) (Qty=2);BOQ1.pdf;3
Spesifikasi Hardware - Server Category 2 - Dell R760 6434 3.7G, 8C x1;Riser Config 9, 3x8 FH Slots (Gen5), 1x16 LP Slot (Gen4) (Qty=1);BOQ1.pdf;3
Spesifikasi Hardware - Server Category 2 - Dell R760 6434 3.7G, 8C x1;Motherboard supports ONLY CPUs below 250W (cannot upgrade to CPUs 250W and above) (Qty=1);BOQ1.pdf;3
Spesifikasi Hardware - Server Category 2 - Dell R760 6434 3.7G, 8C x1;Intel E810-XXV Dual Port 10/25GbE SFP28, OCP NIC 3.0 (Qty=1);BOQ1.pdf;3
Spesifikasi Hardware - Server Category 2 - Dell R760 6434 3.7G, 8C x1;Broadcom 5720 Dual Port 1GbE LOM (Qty=1);BOQ1.pdf;3
Spesifikasi Hardware - Server Category 2 - Dell R760 6434 3.7G, 8C x1;Intel E810-XXV Dual Port 10/25GbE SFP28 Adapter, PCIe Full Height (Qty=2);BOQ1.pdf;3
Spesifikasi Hardware - Server Category 2 - Dell R760 6434 3.7G, 8C x1;Intel E810-XXV Dual Port 10/25GbE SFP28 Adapter, PCIe Low Profile (Qty=1);BOQ1.pdf;3
Spesifikasi Hardware - Server Category 2 - Dell R760 6434 3.7G, 8C x1;No Cables Required (Qty=1);BOQ1.pdf;3
Spesifikasi Hardware - Server Category 2 - Dell R760 6434 3.7G, 8C x1;PowerEdge 2U Standard Bezel (Qty=1);BOQ1.pdf;3
Spesifikasi Hardware - Server Category 2 - Dell R760 6434 3.7G, 8C x1;Assembly BOSS Blank (Qty=1);BOQ1.pdf;3
Spesifikasi Hardware - Server Category 2 - Dell R760 6434 3.7G, 8C x1;SFP+, SR, Optical Transceiver, Intel, 10Gb-1Gb (Qty=6);BOQ1.pdf;3
Spesifikasi Hardware - Server Category 2 - Dell R760 6434 3.7G, 8C x1;SFP28 SR Optic, 25GbE, 85C, for all SFP28 ports (Qty=2);BOQ1.pdf;3
Spesifikasi Hardware - Server Category 2 - Dell R760 6434 3.7G, 8C x1;Red Hat Enterprise Linux, Non Factory Install, Requires License & Subscription Selection (Qty=1);BOQ1.pdf;3
Spesifikasi Hardware - Server Category 2 - Dell R760 6434 3.7G, 8C x1;Spesifikasi Teknis (Qty=1);BOQ1.pdf;4
Spesifikasi Hardware - Server Category 2 - Dell R760 6434 3.7G, 8C x1;No Media Required (Qty=1);BOQ1.pdf;4
Spesifikasi Hardware - Server Category 2 - Dell R760 6434 3.7G, 8C x1;RHEL, 2SKT,1 Physical OR 2Guest,3Yr PREMIUM SUB,Digitally Fulfilled (Qty=1);BOQ1.pdf;4
Spesifikasi Hardware - Server Category 2 - Dell R760 6434 3.7G, 8C x1;iDRAC9, Enterprise 16G (Qty=1);BOQ1.pdf;4
Spesifikasi Hardware - Server Category 2 - Dell R760 6434 3.7G, 8C x1;OpenManage Enterprise Advanced (Qty=1);BOQ1.pdf;4
Spesifikasi Hardware - Server Category 2 - Dell R760 6434 3.7G, 8C x1;No Quick Sync (Qty=1);BOQ1.pdf;4
Spesifikasi Hardware - Server Category 2 - Dell R760 6434 3.7G, 8C x1;iDRAC,Legacy Password (Qty=1);BOQ1.pdf;4
Spesifikasi Hardware - Server Category 2 - Dell R760 6434 3.7G, 8C x1;iDRAC Service Module (ISM), NOT Installed (Qty=1);BOQ1.pdf;4
Spesifikasi Hardware - Server Category 2 - Dell R760 6434 3.7G, 8C x1;iDRAC Group Manager, Enabled (Qty=1);BOQ1.pdf;4
Spesifikasi Hardware - Server Category 2 - Dell R760 6434 3.7G, 8C x1;Cable Management Arm, 2U (Qty=1);BOQ1.pdf;4
Spesifikasi Hardware - Server Category 2 - Dell R760 6434 3.7G, 8C x1;ReadyRails Sliding Rails (Qty=1);BOQ1.pdf;4
Spesifikasi Hardware - Server Category 2 - Dell R760 6434 3.7G, 8C x1;No Systems Documentation, No OpenManage DVD Kit (Qty=1);BOQ1.pdf;4
Spesifikasi Hardware - Server Category 2 - Dell R760 6434 3.7G, 8C x1;Prosupport Plus and 4Hr Mission Critical, 36 Month(s) (Qty=1);BOQ1.pdf;4
Spesifikasi Hardware - Golden Unit Server Category 2 - Dell R760 - 6434 3.7G, 8C x1;Specification each unit : (Qty=1);BOQ1.pdf;4
Spesifikasi Hardware - Golden Unit Server Category 2 - Dell R760 - 6434 3.7G, 8C x1;PowerEdge R760 Server (Qty=1);BOQ1.pdf;4
Spesifikasi Hardware - Golden Unit Server Category 2 - Dell R760 - 6434 3.7G, 8C x1;Trusted Platform Module 2.0 V3 (Qty=1);BOQ1.pdf;4
Spesifikasi Hardware - Golden Unit Server Category 2 - Dell R760 - 6434 3.7G, 8C x1;"2.5"" Chassis with up to 16 Drives (8 SAS/SATA + 8 NVMe HWRAID), Smart Flow, Dual Controller,Front PERC 12 (Qty=1)";BOQ1.pdf;4
Spesifikasi Hardware - Golden Unit Server Category 2 - Dell R760 - 6434 3.7G, 8C x1;Intel  Xeon  Gold 6434 3.7G, 8C/16T, 16GT/s, 23M Cache, Turbo, HT (195W) DDR5-4800 (Qty=1);BOQ1.pdf;4
Spesifikasi Hardware - Golden Unit Server Category 2 - Dell R760 - 6434 3.7G, 8C x1;No Additional Processor (Qty=1);BOQ1.pdf;4
Spesifikasi Hardware - Golden Unit Server Category 2 - Dell R760 - 6434 3.7G, 8C x1;Heatsink for 1 CPU configuration (CPU greater than 165W) (Qty=1);BOQ1.pdf;4
Spesifikasi Hardware - Golden Unit Server Category 2 - Dell R760 - 6434 3.7G, 8C x1;Performance Optimized (Qty=1);BOQ1.pdf;4
Spesifikasi Hardware - Golden Unit Server Category 2 - Dell R760 - 6434 3.7G, 8C x1;4800MT/s RDIMMs (Qty=1);BOQ1.pdf;4
Spesifikasi Hardware - Golden Unit Server Category 2 - Dell R760 - 6434 3.7G, 8C x1;16GB RDIMM, 4800MT/s Single Rank (Qty=8);BOQ1.pdf;4
Spesifikasi Hardware - Golden Unit Server Category 2 - Dell R760 - 6434 3.7G, 8C x1;C49, No RAID for drives on x16BP (Qty=1);BOQ1.pdf;4
Spesifikasi Hardware - Golden Unit Server Category 2 - Dell R760 - 6434 3.7G, 8C x1;PERC H965i Controller, Front (Qty=1);BOQ1.pdf;4
Spesifikasi Hardware - Golden Unit Server Category 2 - Dell R760 - 6434 3.7G, 8C x1;PERC H965i Controller, Front (Qty=1);BOQ1.pdf;4
Spesifikasi Hardware - Golden Unit Server Category 2 - Dell R760 - 6434 3.7G, 8C x1;Front PERC Mechanical Parts, rear load (Qty=1);BOQ1.pdf;4
Spesifikasi Hardware - Golden Unit Server Category 2 - Dell R760 - 6434 3.7G, 8C x1;Front PERC Mechanical Parts, rear load (Qty=1);BOQ1.pdf;4
Spesifikasi Hardware - Golden Unit Server Category 2 - Dell R760 - 6434 3.7G, 8C x1;480GB SSD SATA Read Intensive 6Gbps 512 2.5in Hot-plug AG Drive, 1 DWPD (Qty=2);BOQ1.pdf;4
Spesifikasi Hardware - Golden Unit Server Category 2 - Dell R760 - 6434 3.7G, 8C x1;1.6TB Enterprise NVMe Mixed Use AG Drive U.2 Gen4 with carrier (Qty=2);BOQ1.pdf;4
Spesifikasi Hardware - Golden Unit Server Category 2 - Dell R760 - 6434 3.7G, 8C x1;Performance BIOS Setting (Qty=1);BOQ1.pdf;4
Spesifikasi Hardware - Golden Unit Server Category 2 - Dell R760 - 6434 3.7G, 8C x1;UEFI BIOS Boot Mode with GPT Partition (Qty=1);BOQ1.pdf;4
Spesifikasi Hardware - Golden Unit Server Category 2 - Dell R760 - 6434 3.7G, 8C x1;Very High Performance Fan x6 (Qty=1);BOQ1.pdf;4
Spesifikasi Hardware - Golden Unit Server Category 2 - Dell R760 - 6434 3.7G, 8C x1;Dual, Hot-Plug,Power Supply Fault Tolerant Redundant (1+1), 1400W, Mixed Mode (Qty=1);BOQ1.pdf;4
Spesifikasi Hardware - Golden Unit Server Category 2 - Dell R760 - 6434 3.7G, 8C x1;Jumper Cord - C13/C14, 4M, 250V, 10A (US, EU, TW, APCC countries except ANZ) (Qty=2);BOQ1.pdf;4
Spesifikasi Hardware - Golden Unit Server Category 2 - Dell R760 - 6434 3.7G, 8C x1;Power Cord - C13, 1.9M, 250V, 10A (Indonesia, Laos, Vietnam) (Qty=2);BOQ1.pdf;4
Spesifikasi Hardware - Golden Unit Server Category 2 - Dell R760 - 6434 3.7G, 8C x1;Riser Config 9, 3x8 FH Slots (Gen5), 1x16 LP Slot (Gen4) (Qty=1);BOQ1.pdf;4
Spesifikasi Hardware - Golden Unit Server Category 2 - Dell R760 - 6434 3.7G, 8C x1;Motherboard supports ONLY CPUs below 250W (cannot upgrade to CPUs 250W and above) (Qty=1);BOQ1.pdf;4
Spesifikasi Hardware - Golden Unit Server Category 2 - Dell R760 - 6434 3.7G, 8C x1;Intel E810-XXV Dual Port 10/25GbE SFP28, OCP NIC 3.0 (Qty=1);BOQ1.pdf;4
Spesifikasi Hardware - Golden Unit Server Category 2 - Dell R760 - 6434 3.7G, 8C x1;Broadcom 5720 Dual Port 1GbE LOM (Qty=1);BOQ1.pdf;4
Spesifikasi Hardware - Golden Unit Server Category 2 - Dell R760 - 6434 3.7G, 8C x1;Intel E810-XXV Dual Port 10/25GbE SFP28 Adapter, PCIe Full Height (Qty=2);BOQ1.pdf;4
Spesifikasi Hardware - Golden Unit Server Category 2 - Dell R760 - 6434 3.7G, 8C x1;Intel E810-XXV Dual Port 10/25GbE SFP28 Adapter, PCIe Low Profile (Qty=1);BOQ1.pdf;4
Spesifikasi Hardware - Golden Unit Server Category 2 - Dell R760 - 6434 3.7G, 8C x1;No Cables Required (Qty=1);BOQ1.pdf;4
Spesifikasi Hardware - Golden Unit Server Category 2 - Dell R760 - 6434 3.7G, 8C x1;PowerEdge 2U Standard Bezel (Qty=1);BOQ1.pdf;4
Spesifikasi Hardware - Golden Unit Server Category 2 - Dell R760 - 6434 3.7G, 8C x1;Spesifikasi Teknis (Qty=1);BOQ1.pdf;5
Spesifikasi Hardware - Golden Unit Server Category 2 - Dell R760 - 6434 3.7G, 8C x1;Assembly BOSS Blank (Qty=1);BOQ1.pdf;5
Spesifikasi Hardware - Golden Unit Server Category 2 - Dell R760 - 6434 3.7G, 8C x1;SFP+, SR, Optical Transceiver, Intel, 10Gb-1Gb (Qty=6);BOQ1.pdf;5
Spesifikasi Hardware - Golden Unit Server Category 2 - Dell R760 - 6434 3.7G, 8C x1;SFP28 SR Optic, 25GbE, 85C, for all SFP28 ports (Qty=2);BOQ1.pdf;5
Spesifikasi Hardware - Golden Unit Server Category 2 - Dell R760 - 6434 3.7G, 8C x1;Red Hat Enterprise Linux, Non Factory Install, Requires License & Subscription Selection (Qty=1);BOQ1.pdf;5
Spesifikasi Hardware - Golden Unit Server Category 2 - Dell R760 - 6434 3.7G, 8C x1;No Media Required (Qty=1);BOQ1.pdf;5
Spesifikasi Hardware - Golden Unit Server Category 2 - Dell R760 - 6434 3.7G, 8C x1;RHEL, 2SKT,1 Physical OR 2Guest,3Yr PREMIUM SUB,Digitally Fulfilled (Qty=1);BOQ1.pdf;5
Spesifikasi Hardware - Golden Unit Server Category 2 - Dell R760 - 6434 3.7G, 8C x1;iDRAC9, Enterprise 16G (Qty=1);BOQ1.pdf;5
Spesifikasi Hardware - Golden Unit Server Category 2 - Dell R760 - 6434 3.7G, 8C x1;OpenManage Enterprise Advanced (Qty=1);BOQ1.pdf;5
Spesifikasi Hardware - Golden Unit Server Category 2 - Dell R760 - 6434 3.7G, 8C x1;No Quick Sync (Qty=1);BOQ1.pdf;5
Spesifikasi Hardware - Golden Unit Server Category 2 - Dell R760 - 6434 3.7G, 8C x1;iDRAC,Legacy Password (Qty=1);BOQ1.pdf;5
Spesifikasi Hardware - Golden Unit Server Category 2 - Dell R760 - 6434 3.7G, 8C x1;iDRAC Service Module (ISM), NOT Installed (Qty=1);BOQ1.pdf;5
Spesifikasi Hardware - Golden Unit Server Category 2 - Dell R760 - 6434 3.7G, 8C x1;iDRAC Group Manager, Enabled (Qty=1);BOQ1.pdf;5
Spesifikasi Hardware - Golden Unit Server Category 2 - Dell R760 - 6434 3.7G, 8C x1;Cable Management Arm, 2U (Qty=1);BOQ1.pdf;5
Spesifikasi Hardware - Golden Unit Server Category 2 - Dell R760 - 6434 3.7G, 8C x1;ReadyRails Sliding Rails (Qty=1);BOQ1.pdf;5
Spesifikasi Hardware - Golden Unit Server Category 2 - Dell R760 - 6434 3.7G, 8C x1;No Systems Documentation, No OpenManage DVD Kit (Qty=1);BOQ1.pdf;5
Spesifikasi Hardware - Golden Unit Server Category 2 - Dell R760 - 6434 3.7G, 8C x1;Prosupport Plus and 4Hr Mission Critical, 36 Month(s) (Qty=1);BOQ1.pdf;5
Spesifikasi Hardware - Server Category 3 - Dell R760 - 6434 3.7G, 8C x1;Specification each unit : (Qty=1);BOQ1.pdf;5
Spesifikasi Hardware - Server Category 3 - Dell R760 - 6434 3.7G, 8C x1;PowerEdge R760 Server (Qty=1);BOQ1.pdf;5
Spesifikasi Hardware - Server Category 3 - Dell R760 - 6434 3.7G, 8C x1;Trusted Platform Module 2.0 V3 (Qty=1);BOQ1.pdf;5
Spesifikasi Hardware - Server Category 3 - Dell R760 - 6434 3.7G, 8C x1;"2.5"" Chassis with up to 16 Drives (8 SAS/SATA + 8 NVMe HWRAID), Smart Flow, Dual Controller,Front PERC 12 (Qty=1)";BOQ1.pdf;5
Spesifikasi Hardware - Server Category 3 - Dell R760 - 6434 3.7G, 8C x1;Intel  Xeon  Gold 6434 3.7G, 8C/16T, 16GT/s, 23M Cache, Turbo, HT (195W) DDR5-4800 (Qty=1);BOQ1.pdf;5
Spesifikasi Hardware - Server Category 3 - Dell R760 - 6434 3.7G, 8C x1;No Additional Processor (Qty=1);BOQ1.pdf;5
Spesifikasi Hardware - Server Category 3 - Dell R760 - 6434 3.7G, 8C x1;Heatsink for 1 CPU configuration (CPU greater than 165W) (Qty=1);BOQ1.pdf;5
Spesifikasi Hardware - Server Category 3 - Dell R760 - 6434 3.7G, 8C x1;Performance Optimized (Qty=1);BOQ1.pdf;5
Spesifikasi Hardware - Server Category 3 - Dell R760 - 6434 3.7G, 8C x1;4800MT/s RDIMMs (Qty=1);BOQ1.pdf;5
Spesifikasi Hardware - Server Category 3 - Dell R760 - 6434 3.7G, 8C x1;32GB RDIMM, 4800MT/s Dual Rank (Qty=8);BOQ1.pdf;5
Spesifikasi Hardware - Server Category 3 - Dell R760 - 6434 3.7G, 8C x1;C49, No RAID for drives on x16BP (Qty=1);BOQ1.pdf;5
Spesifikasi Hardware - Server Category 3 - Dell R760 - 6434 3.7G, 8C x1;PERC H965i Controller, Front (Qty=1);BOQ1.pdf;5
Spesifikasi Hardware - Server Category 3 - Dell R760 - 6434 3.7G, 8C x1;PERC H965i Controller, Front (Qty=1);BOQ1.pdf;5
Spesifikasi Hardware - Server Category 3 - Dell R760 - 6434 3.7G, 8C x1;Front PERC Mechanical Parts, rear load (Qty=1);BOQ1.pdf;5
Spesifikasi Hardware - Server Category 3 - Dell R760 - 6434 3.7G, 8C x1;Front PERC Mechanical Parts, rear load (Qty=1);BOQ1.pdf;5
Spesifikasi Hardware - Server Category 3 - Dell R760 - 6434 3.7G, 8C x1;480GB SSD SATA Read Intensive 6Gbps 512 2.5in Hot-plug AG Drive, 1 DWPD (Qty=2);BOQ1.pdf;5
Spesifikasi Hardware - Server Category 3 - Dell R760 - 6434 3.7G, 8C x1;1.6TB Enterprise NVMe Mixed Use AG Drive U.2 Gen4 with carrier (Qty=2);BOQ1.pdf;5
Spesifikasi Hardware - Server Category 3 - Dell R760 - 6434 3.7G, 8C x1;Performance BIOS Setting (Qty=1);BOQ1.pdf;5
Spesifikasi Hardware - Server Category 3 - Dell R760 - 6434 3.7G, 8C x1;UEFI BIOS Boot Mode with GPT Partition (Qty=1);BOQ1.pdf;5
Spesifikasi Hardware - Server Category 3 - Dell R760 - 6434 3.7G, 8C x1;Very High Performance Fan x6 (Qty=1);BOQ1.pdf;5
Spesifikasi Hardware - Server Category 3 - Dell R760 - 6434 3.7G, 8C x1;Dual, Hot-Plug,Power Supply Redundant (1+1), 1400W, Mixed Mode (Qty=1);BOQ1.pdf;5
Spesifikasi Hardware - Server Category 3 - Dell R760 - 6434 3.7G, 8C x1;Jumper Cord - C13/C14, 4M, 250V, 10A (US, EU, TW, APCC countries except ANZ) (Qty=2);BOQ1.pdf;5
Spesifikasi Hardware - Server Category 3 - Dell R760 - 6434 3.7G, 8C x1;Power Cord - C13, 1.9M, 250V, 10A (Indonesia, Laos, Vietnam) (Qty=2);BOQ1.pdf;5
Spesifikasi Hardware - Server Category 3 - Dell R760 - 6434 3.7G, 8C x1;Riser Config 9, 3x8 FH Slots (Gen5), 1x16 LP Slot (Gen4) (Qty=1);BOQ1.pdf;5
Spesifikasi Hardware - Server Category 3 - Dell R760 - 6434 3.7G, 8C x1;Motherboard supports ONLY CPUs below 250W (cannot upgrade to CPUs 250W and above) (Qty=1);BOQ1.pdf;5
Spesifikasi Hardware - Server Category 3 - Dell R760 - 6434 3.7G, 8C x1;Intel E810-XXV Dual Port 10/25GbE SFP28, OCP NIC 3.0 (Qty=1);BOQ1.pdf;5
Spesifikasi Hardware - Server Category 3 - Dell R760 - 6434 3.7G, 8C x1;Broadcom 5720 Dual Port 1GbE LOM (Qty=1);BOQ1.pdf;5
Spesifikasi Hardware - Server Category 3 - Dell R760 - 6434 3.7G, 8C x1;Spesifikasi Teknis (Qty=1);BOQ1.pdf;6
Spesifikasi Hardware - Server Category 3 - Dell R760 - 6434 3.7G, 8C x1;Intel E810-XXV Dual Port 10/25GbE SFP28 Adapter, PCIe Full Height (Qty=2);BOQ1.pdf;6
Spesifikasi Hardware - Server Category 3 - Dell R760 - 6434 3.7G, 8C x1;Intel E810-XXV Dual Port 10/25GbE SFP28 Adapter, PCIe Low Profile (Qty=1);BOQ1.pdf;6
Spesifikasi Hardware - Server Category 3 - Dell R760 - 6434 3.7G, 8C x1;No Cables Required (Qty=1);BOQ1.pdf;6
Spesifikasi Hardware - Server Category 3 - Dell R760 - 6434 3.7G, 8C x1;PowerEdge 2U Standard Bezel (Qty=1);BOQ1.pdf;6
Spesifikasi Hardware - Server Category 3 - Dell R760 - 6434 3.7G, 8C x1;Assembly BOSS Blank (Qty=1);BOQ1.pdf;6
Spesifikasi Hardware - Server Category 3 - Dell R760 - 6434 3.7G, 8C x1;SFP+, SR, Optical Transceiver, Intel, 10Gb-1Gb (Qty=6);BOQ1.pdf;6
Spesifikasi Hardware - Server Category 3 - Dell R760 - 6434 3.7G, 8C x1;SFP28 SR Optic, 25GbE, 85C, for all SFP28 ports (Qty=2);BOQ1.pdf;6
Spesifikasi Hardware - Server Category 3 - Dell R760 - 6434 3.7G, 8C x1;Red Hat Enterprise Linux, Non Factory Install, Requires License & Subscription Selection (Qty=1);BOQ1.pdf;6
Spesifikasi Hardware - Server Category 3 - Dell R760 - 6434 3.7G, 8C x1;No Media Required (Qty=1);BOQ1.pdf;6
Spesifikasi Hardware - Server Category 3 - Dell R760 - 6434 3.7G, 8C x1;RHEL, 2SKT,1 Physical OR 2Guest,3Yr PREMIUM SUB,Digitally Fulfilled (Qty=1);BOQ1.pdf;6
Spesifikasi Hardware - Server Category 3 - Dell R760 - 6434 3.7G, 8C x1;iDRAC9, Enterprise 16G (Qty=1);BOQ1.pdf;6
Spesifikasi Hardware - Server Category 3 - Dell R760 - 6434 3.7G, 8C x1;OpenManage Enterprise Advanced (Qty=1);BOQ1.pdf;6
Spesifikasi Hardware - Server Category 3 - Dell R760 - 6434 3.7G, 8C x1;No Quick Sync (Qty=1);BOQ1.pdf;6
Spesifikasi Hardware - Server Category 3 - Dell R760 - 6434 3.7G, 8C x1;iDRAC,Legacy Password (Qty=1);BOQ1.pdf;6
Spesifikasi Hardware - Server Category 3 - Dell R760 - 6434 3.7G, 8C x1;iDRAC Service Module (ISM), NOT Installed (Qty=1);BOQ1.pdf;6
Spesifikasi Hardware - Server Category 3 - Dell R760 - 6434 3.7G, 8C x1;iDRAC Group Manager, Enabled (Qty=1);BOQ1.pdf;6
Spesifikasi Hardware - Server Category 3 - Dell R760 - 6434 3.7G, 8C x1;Cable Management Arm, 2U (Qty=1);BOQ1.pdf;6
Spesifikasi Hardware - Server Category 3 - Dell R760 - 6434 3.7G, 8C x1;ReadyRails Sliding Rails (Qty=1);BOQ1.pdf;6
Spesifikasi Hardware - Server Category 3 - Dell R760 - 6434 3.7G, 8C x1;Fan Foam, HDD 2U (Qty=1);BOQ1.pdf;6
Spesifikasi Hardware - Server Category 3 - Dell R760 - 6434 3.7G, 8C x1;No Systems Documentation, No OpenManage DVD Kit (Qty=1);BOQ1.pdf;6
Spesifikasi Hardware - Server Category 3 - Dell R760 - 6434 3.7G, 8C x1;Prosupport Plus and 4Hr Mission Critical, 36 Month(s) (Qty=1);BOQ1.pdf;6
Spesifikasi Hardware - Golden Unit Server Category 3 - Dell R760 - 6434 3.7G, 8C x1;Specification each unit : (Qty=1);BOQ1.pdf;6
Spesifikasi Hardware - Golden Unit Server Category 3 - Dell R760 - 6434 3.7G, 8C x1;PowerEdge R760 Server (Qty=1);BOQ1.pdf;6
Spesifikasi Hardware - Golden Unit Server Category 3 - Dell R760 - 6434 3.7G, 8C x1;Trusted Platform Module 2.0 V3 (Qty=1);BOQ1.pdf;6
Spesifikasi Hardware - Golden Unit Server Category 3 - Dell R760 - 6434 3.7G, 8C x1;"2.5"" Chassis with up to 16 Drives (8 SAS/SATA + 8 NVMe HWRAID), Smart Flow, Dual Controller,Front PERC 12 (Qty=1)";BOQ1.pdf;6
Spesifikasi Hardware - Golden Unit Server Category 3 - Dell R760 - 6434 3.7G, 8C x1;Intel  Xeon  Gold 6434 3.7G, 8C/16T, 16GT/s, 23M Cache, Turbo, HT (195W) DDR5-4800 (Qty=1);BOQ1.pdf;6
Spesifikasi Hardware - Golden Unit Server Category 3 - Dell R760 - 6434 3.7G, 8C x1;No Additional Processor (Qty=1);BOQ1.pdf;6
Spesifikasi Hardware - Golden Unit Server Category 3 - Dell R760 - 6434 3.7G, 8C x1;Heatsink for 1 CPU configuration (CPU greater than 165W) (Qty=1);BOQ1.pdf;6
Spesifikasi Hardware - Golden Unit Server Category 3 - Dell R760 - 6434 3.7G, 8C x1;Performance Optimized (Qty=1);BOQ1.pdf;6
Spesifikasi Hardware - Golden Unit Server Category 3 - Dell R760 - 6434 3.7G, 8C x1;4800MT/s RDIMMs (Qty=1);BOQ1.pdf;6
Spesifikasi Hardware - Golden Unit Server Category 3 - Dell R760 - 6434 3.7G, 8C x1;32GB RDIMM, 4800MT/s Dual Rank (Qty=8);BOQ1.pdf;6
Spesifikasi Hardware - Golden Unit Server Category 3 - Dell R760 - 6434 3.7G, 8C x1;C49, No RAID for drives on x16BP (Qty=1);BOQ1.pdf;6
Spesifikasi Hardware - Golden Unit Server Category 3 - Dell R760 - 6434 3.7G, 8C x1;PERC H965i Controller, Front (Qty=1);BOQ1.pdf;6
Spesifikasi Hardware - Golden Unit Server Category 3 - Dell R760 - 6434 3.7G, 8C x1;PERC H965i Controller, Front (Qty=1);BOQ1.pdf;6
Spesifikasi Hardware - Golden Unit Server Category 3 - Dell R760 - 6434 3.7G, 8C x1;Front PERC Mechanical Parts, rear load (Qty=1);BOQ1.pdf;6
Spesifikasi Hardware - Golden Unit Server Category 3 - Dell R760 - 6434 3.7G, 8C x1;Front PERC Mechanical Parts, rear load (Qty=1);BOQ1.pdf;6
Spesifikasi Hardware - Golden Unit Server Category 3 - Dell R760 - 6434 3.7G, 8C x1;480GB SSD SATA Read Intensive 6Gbps 512 2.5in Hot-plug AG Drive, 1 DWPD (Qty=2);BOQ1.pdf;6
Spesifikasi Hardware - Golden Unit Server Category 3 - Dell R760 - 6434 3.7G, 8C x1;1.6TB Enterprise NVMe Mixed Use AG Drive U.2 Gen4 with carrier (Qty=2);BOQ1.pdf;6
Spesifikasi Hardware - Golden Unit Server Category 3 - Dell R760 - 6434 3.7G, 8C x1;Performance BIOS Setting (Qty=1);BOQ1.pdf;6
Spesifikasi Hardware - Golden Unit Server Category 3 - Dell R760 - 6434 3.7G, 8C x1;UEFI BIOS Boot Mode with GPT Partition (Qty=1);BOQ1.pdf;6
Spesifikasi Hardware - Golden Unit Server Category 3 - Dell R760 - 6434 3.7G, 8C x1;Very High Performance Fan x6 (Qty=1);BOQ1.pdf;6
Spesifikasi Hardware - Golden Unit Server Category 3 - Dell R760 - 6434 3.7G, 8C x1;Dual, Hot-Plug,Power Supply Redundant (1+1), 1400W, Mixed Mode (Qty=1);BOQ1.pdf;6
Spesifikasi Hardware - Golden Unit Server Category 3 - Dell R760 - 6434 3.7G, 8C x1;Jumper Cord - C13/C14, 4M, 250V, 10A (US, EU, TW, APCC countries except ANZ) (Qty=2);BOQ1.pdf;6
Spesifikasi Hardware - Golden Unit Server Category 3 - Dell R760 - 6434 3.7G, 8C x1;Power Cord - C13, 1.9M, 250V, 10A (Indonesia, Laos, Vietnam) (Qty=2);BOQ1.pdf;6
Spesifikasi Hardware - Golden Unit Server Category 3 - Dell R760 - 6434 3.7G, 8C x1;Spesifikasi Teknis (Qty=1);BOQ1.pdf;7
Spesifikasi Hardware - Golden Unit Server Category 3 - Dell R760 - 6434 3.7G, 8C x1;Riser Config 9, 3x8 FH Slots (Gen5), 1x16 LP Slot (Gen4) (Qty=1);BOQ1.pdf;7
Spesifikasi Hardware - Golden Unit Server Category 3 - Dell R760 - 6434 3.7G, 8C x1;Motherboard supports ONLY CPUs below 250W (cannot upgrade to CPUs 250W and above) (Qty=1);BOQ1.pdf;7
Spesifikasi Hardware - Golden Unit Server Category 3 - Dell R760 - 6434 3.7G, 8C x1;Intel E810-XXV Dual Port 10/25GbE SFP28, OCP NIC 3.0 (Qty=1);BOQ1.pdf;7
Spesifikasi Hardware - Golden Unit Server Category 3 - Dell R760 - 6434 3.7G, 8C x1;Broadcom 5720 Dual Port 1GbE LOM (Qty=1);BOQ1.pdf;7
Spesifikasi Hardware - Golden Unit Server Category 3 - Dell R760 - 6434 3.7G, 8C x1;Intel E810-XXV Dual Port 10/25GbE SFP28 Adapter, PCIe Full Height (Qty=2);BOQ1.pdf;7
Spesifikasi Hardware - Golden Unit Server Category 3 - Dell R760 - 6434 3.7G, 8C x1;Intel E810-XXV Dual Port 10/25GbE SFP28 Adapter, PCIe Low Profile (Qty=1);BOQ1.pdf;7
Spesifikasi Hardware - Golden Unit Server Category 3 - Dell R760 - 6434 3.7G, 8C x1;No Cables Required (Qty=1);BOQ1.pdf;7
Spesifikasi Hardware - Golden Unit Server Category 3 - Dell R760 - 6434 3.7G, 8C x1;PowerEdge 2U Standard Bezel (Qty=1);BOQ1.pdf;7
Spesifikasi Hardware - Golden Unit Server Category 3 - Dell R760 - 6434 3.7G, 8C x1;Assembly BOSS Blank (Qty=1);BOQ1.pdf;7
Spesifikasi Hardware - Golden Unit Server Category 3 - Dell R760 - 6434 3.7G, 8C x1;SFP+, SR, Optical Transceiver, Intel, 10Gb-1Gb (Qty=6);BOQ1.pdf;7
Spesifikasi Hardware - Golden Unit Server Category 3 - Dell R760 - 6434 3.7G, 8C x1;SFP28 SR Optic, 25GbE, 85C, for all SFP28 ports (Qty=2);BOQ1.pdf;7
Spesifikasi Hardware - Golden Unit Server Category 3 - Dell R760 - 6434 3.7G, 8C x1;Red Hat Enterprise Linux, Non Factory Install, Requires License & Subscription Selection (Qty=1);BOQ1.pdf;7
Spesifikasi Hardware - Golden Unit Server Category 3 - Dell R760 - 6434 3.7G, 8C x1;No Media Required (Qty=1);BOQ1.pdf;7
Spesifikasi Hardware - Golden Unit Server Category 3 - Dell R760 - 6434 3.7G, 8C x1;RHEL, 2SKT,1 Physical OR 2Guest,3Yr PREMIUM SUB,Digitally Fulfilled (Qty=1);BOQ1.pdf;7
Spesifikasi Hardware - Golden Unit Server Category 3 - Dell R760 - 6434 3.7G, 8C x1;iDRAC9, Enterprise 16G (Qty=1);BOQ1.pdf;7
Spesifikasi Hardware - Golden Unit Server Category 3 - Dell R760 - 6434 3.7G, 8C x1;OpenManage Enterprise Advanced (Qty=1);BOQ1.pdf;7
Spesifikasi Hardware - Golden Unit Server Category 3 - Dell R760 - 6434 3.7G, 8C x1;No Quick Sync (Qty=1);BOQ1.pdf;7
Spesifikasi Hardware - Golden Unit Server Category 3 - Dell R760 - 6434 3.7G, 8C x1;iDRAC,Legacy Password (Qty=1);BOQ1.pdf;7
Spesifikasi Hardware - Golden Unit Server Category 3 - Dell R760 - 6434 3.7G, 8C x1;iDRAC Service Module (ISM), NOT Installed (Qty=1);BOQ1.pdf;7
Spesifikasi Hardware - Golden Unit Server Category 3 - Dell R760 - 6434 3.7G, 8C x1;iDRAC Group Manager, Enabled (Qty=1);BOQ1.pdf;7
Spesifikasi Hardware - Golden Unit Server Category 3 - Dell R760 - 6434 3.7G, 8C x1;Cable Management Arm, 2U (Qty=1);BOQ1.pdf;7
Spesifikasi Hardware - Golden Unit Server Category 3 - Dell R760 - 6434 3.7G, 8C x1;ReadyRails Sliding Rails (Qty=1);BOQ1.pdf;7
Spesifikasi Hardware - Golden Unit Server Category 3 - Dell R760 - 6434 3.7G, 8C x1;Fan Foam, HDD 2U (Qty=1);BOQ1.pdf;7
Spesifikasi Hardware - Golden Unit Server Category 3 - Dell R760 - 6434 3.7G, 8C x1;No Systems Documentation, No OpenManage DVD Kit (Qty=1);BOQ1.pdf;7
Spesifikasi Hardware - Golden Unit Server Category 3 - Dell R760 - 6434 3.7G, 8C x1;Prosupport Plus and 4Hr Mission Critical, 36 Month(s) (Qty=1);BOQ1.pdf;7
Spesifikasi Hardware - Server Category 4 - Dell R760 - 6444Y 3.6G, 16C x2;Specification each unit : (Qty=1);BOQ1.pdf;7
Spesifikasi Hardware - Server Category 4 - Dell R760 - 6444Y 3.6G, 16C x2;PowerEdge R760 Server (Qty=1);BOQ1.pdf;7
Spesifikasi Hardware - Server Category 4 - Dell R760 - 6444Y 3.6G, 16C x2;Trusted Platform Module 2.0 V3 (Qty=1);BOQ1.pdf;7
Spesifikasi Hardware - Server Category 4 - Dell R760 - 6444Y 3.6G, 16C x2;"2.5"" Chassis with up to 24 Drives (16 SAS/SATA + 8 NVMe Direct), Front PERC 12 (Qty=1)";BOQ1.pdf;7
Spesifikasi Hardware - Server Category 4 - Dell R760 - 6444Y 3.6G, 16C x2;Intel  Xeon  Gold 6444Y 3.6G, 16C/32T, 16GT/s, 45M Cache, Turbo, HT (270W) DDR5-4800 (Qty=1);BOQ1.pdf;7
Spesifikasi Hardware - Server Category 4 - Dell R760 - 6444Y 3.6G, 16C x2;Intel  Xeon  Gold 6444Y 3.6G, 16C/32T, 16GT/s, 45M Cache, Turbo, HT (270W) DDR5-4800 (Qty=1);BOQ1.pdf;7
Spesifikasi Hardware - Server Category 4 - Dell R760 - 6444Y 3.6G, 16C x2;Heatsink for 2 CPU configuration (CPU greater than 165W) (Qty=1);BOQ1.pdf;7
Spesifikasi Hardware - Server Category 4 - Dell R760 - 6444Y 3.6G, 16C x2;Performance Optimized (Qty=1);BOQ1.pdf;7
Spesifikasi Hardware - Server Category 4 - Dell R760 - 6444Y 3.6G, 16C x2;4800MT/s RDIMMs (Qty=1);BOQ1.pdf;7
Spesifikasi Hardware - Server Category 4 - Dell R760 - 6444Y 3.6G, 16C x2;32GB RDIMM, 4800MT/s Dual Rank (Qty=4);BOQ1.pdf;7
Spesifikasi Hardware - Server Category 4 - Dell R760 - 6444Y 3.6G, 16C x2;Unconfigured RAID (Qty=1);BOQ1.pdf;7
Spesifikasi Hardware - Server Category 4 - Dell R760 - 6444Y 3.6G, 16C x2;PERC H965i Controller, Front (Qty=1);BOQ1.pdf;7
Spesifikasi Hardware - Server Category 4 - Dell R760 - 6444Y 3.6G, 16C x2;Front PERC Mechanical Parts, rear load (Qty=1);BOQ1.pdf;7
Spesifikasi Hardware - Server Category 4 - Dell R760 - 6444Y 3.6G, 16C x2;3.84TB SSD SATA Read Intensive 6Gbps 512 2.5in Hot-plug AG Drive, 1 DWPD (Qty=2);BOQ1.pdf;7
Spesifikasi Hardware - Server Category 4 - Dell R760 - 6444Y 3.6G, 16C x2;Performance BIOS Setting (Qty=1);BOQ1.pdf;7
Spesifikasi Hardware - Server Category 4 - Dell R760 - 6444Y 3.6G, 16C x2;UEFI BIOS Boot Mode with GPT Partition (Qty=1);BOQ1.pdf;7
Spesifikasi Hardware - Server Category 4 - Dell R760 - 6444Y 3.6G, 16C x2;Very High Performance Fan x6 (Qty=1);BOQ1.pdf;7
Spesifikasi Hardware - Server Category 4 - Dell R760 - 6444Y 3.6G, 16C x2;Dual, Hot-Plug,Power Supply Fault Tolerant Redundant (1+1), 1400W, Mixed Mode (Qty=1);BOQ1.pdf;7
Spesifikasi Hardware - Server Category 4 - Dell R760 - 6444Y 3.6G, 16C x2;Spesifikasi Teknis (Qty=1);BOQ1.pdf;8
Spesifikasi Hardware - Server Category 4 - Dell R760 - 6444Y 3.6G, 16C x2;Jumper Cord - C13/C14, 4M, 250V, 10A (US, EU, TW, APCC countries except ANZ) (Qty=2);BOQ1.pdf;8
Spesifikasi Hardware - Server Category 4 - Dell R760 - 6444Y 3.6G, 16C x2;Power Cord - C13, 1.9M, 250V, 10A (Indonesia, Laos, Vietnam) (Qty=2);BOQ1.pdf;8
Spesifikasi Hardware - Server Category 4 - Dell R760 - 6444Y 3.6G, 16C x2;Riser Config 1, 6x8 FH Slots (Gen4), 2x16 LP Slots (Gen4) (Qty=1);BOQ1.pdf;8
Spesifikasi Hardware - Server Category 4 - Dell R760 - 6444Y 3.6G, 16C x2;Motherboard supports ALL CPUs (required for CPUs 250W and above) (Qty=1);BOQ1.pdf;8
Spesifikasi Hardware - Server Category 4 - Dell R760 - 6444Y 3.6G, 16C x2;Intel i350 Quad Port 1GbE BASE-T, OCP NIC 3.0 (Qty=1);BOQ1.pdf;8
Spesifikasi Hardware - Server Category 4 - Dell R760 - 6444Y 3.6G, 16C x2;Broadcom 5720 Dual Port 1GbE LOM (Qty=1);BOQ1.pdf;8
Spesifikasi Hardware - Server Category 4 - Dell R760 - 6444Y 3.6G, 16C x2;Intel Ethernet i350 Quad Port 1GbE BASE-T Adapter, PCIe Full Height, V2, FIRMWARE RESTRICTIONS APPLY (Qty=1);BOQ1.pdf;8
Spesifikasi Hardware - Server Category 4 - Dell R760 - 6444Y 3.6G, 16C x2;Intel E810-XXV Dual Port 10/25GbE SFP28 Adapter, PCIe Full Height (Qty=1);BOQ1.pdf;8
Spesifikasi Hardware - Server Category 4 - Dell R760 - 6444Y 3.6G, 16C x2;SFP28 SR Optic, 25GbE, 85C, for all SFP28 ports (Qty=2);BOQ1.pdf;8
Spesifikasi Hardware - Server Category 4 - Dell R760 - 6444Y 3.6G, 16C x2;No Cables Required, No GPU Blanks (Qty=1);BOQ1.pdf;8
Spesifikasi Hardware - Server Category 4 - Dell R760 - 6444Y 3.6G, 16C x2;PowerEdge 2U Standard Bezel (Qty=1);BOQ1.pdf;8
Spesifikasi Hardware - Server Category 4 - Dell R760 - 6444Y 3.6G, 16C x2;Assembly BOSS Blank (Qty=1);BOQ1.pdf;8
Spesifikasi Hardware - Server Category 4 - Dell R760 - 6444Y 3.6G, 16C x2;Red Hat Enterprise Linux, Non Factory Install, Requires License & Subscription Selection (Qty=1);BOQ1.pdf;8
Spesifikasi Hardware - Server Category 4 - Dell R760 - 6444Y 3.6G, 16C x2;No Media Required (Qty=1);BOQ1.pdf;8
Spesifikasi Hardware - Server Category 4 - Dell R760 - 6444Y 3.6G, 16C x2;RHEL, 2SKT,1 Physical OR 2Guest,3Yr PREMIUM SUB,Digitally Fulfilled (Qty=1);BOQ1.pdf;8
Spesifikasi Hardware - Server Category 4 - Dell R760 - 6444Y 3.6G, 16C x2;iDRAC9, Enterprise 16G (Qty=1);BOQ1.pdf;8
Spesifikasi Hardware - Server Category 4 - Dell R760 - 6444Y 3.6G, 16C x2;OpenManage Enterprise Advanced (Qty=1);BOQ1.pdf;8
Spesifikasi Hardware - Server Category 4 - Dell R760 - 6444Y 3.6G, 16C x2;No Quick Sync (Qty=1);BOQ1.pdf;8
Spesifikasi Hardware - Server Category 4 - Dell R760 - 6444Y 3.6G, 16C x2;iDRAC,Legacy Password (Qty=1);BOQ1.pdf;8
Spesifikasi Hardware - Server Category 4 - Dell R760 - 6444Y 3.6G, 16C x2;iDRAC Service Module (ISM), NOT Installed (Qty=1);BOQ1.pdf;8
Spesifikasi Hardware - Server Category 4 - Dell R760 - 6444Y 3.6G, 16C x2;iDRAC Group Manager, Enabled (Qty=1);BOQ1.pdf;8
Spesifikasi Hardware - Server Category 4 - Dell R760 - 6444Y 3.6G, 16C x2;Cable Management Arm, 2U (Qty=1);BOQ1.pdf;8
Spesifikasi Hardware - Server Category 4 - Dell R760 - 6444Y 3.6G, 16C x2;ReadyRails Sliding Rails (Qty=1);BOQ1.pdf;8
Spesifikasi Hardware - Server Category 4 - Dell R760 - 6444Y 3.6G, 16C x2;Fan Foam, HDD 2U (Qty=1);BOQ1.pdf;8
Spesifikasi Hardware - Server Category 4 - Dell R760 - 6444Y 3.6G, 16C x2;No Systems Documentation, No OpenManage DVD Kit (Qty=1);BOQ1.pdf;8
Spesifikasi Hardware - Server Category 4 - Dell R760 - 6444Y 3.6G, 16C x2;Prosupport Plus and 4Hr Mission Critical, 36 Month(s) (Qty=1);BOQ1.pdf;8
Spesifikasi Hardware - Golden Unit Server Category 4 - Dell R760 - 6444Y 3.6G, 16C x2;Specification each unit : (Qty=1);BOQ1.pdf;8
Spesifikasi Hardware - Golden Unit Server Category 4 - Dell R760 - 6444Y 3.6G, 16C x2;PowerEdge R760 Server (Qty=1);BOQ1.pdf;8
Spesifikasi Hardware - Golden Unit Server Category 4 - Dell R760 - 6444Y 3.6G, 16C x2;Trusted Platform Module 2.0 V3 (Qty=1);BOQ1.pdf;8
Spesifikasi Hardware - Golden Unit Server Category 4 - Dell R760 - 6444Y 3.6G, 16C x2;"2.5"" Chassis with up to 24 Drives (16 SAS/SATA + 8 NVMe Direct), Front PERC 12 (Qty=1)";BOQ1.pdf;8
Spesifikasi Hardware - Golden Unit Server Category 4 - Dell R760 - 6444Y 3.6G, 16C x2;Intel  Xeon  Gold 6444Y 3.6G, 16C/32T, 16GT/s, 45M Cache, Turbo, HT (270W) DDR5-4800 (Qty=1);BOQ1.pdf;8
Spesifikasi Hardware - Golden Unit Server Category 4 - Dell R760 - 6444Y 3.6G, 16C x2;Intel  Xeon  Gold 6444Y 3.6G, 16C/32T, 16GT/s, 45M Cache, Turbo, HT (270W) DDR5-4800 (Qty=1);BOQ1.pdf;8
Spesifikasi Hardware - Golden Unit Server Category 4 - Dell R760 - 6444Y 3.6G, 16C x2;Heatsink for 2 CPU configuration (CPU greater than 165W) (Qty=1);BOQ1.pdf;8
Spesifikasi Hardware - Golden Unit Server Category 4 - Dell R760 - 6444Y 3.6G, 16C x2;Performance Optimized (Qty=1);BOQ1.pdf;8
Spesifikasi Hardware - Golden Unit Server Category 4 - Dell R760 - 6444Y 3.6G, 16C x2;4800MT/s RDIMMs (Qty=1);BOQ1.pdf;8
Spesifikasi Hardware - Golden Unit Server Category 4 - Dell R760 - 6444Y 3.6G, 16C x2;32GB RDIMM, 4800MT/s Dual Rank (Qty=4);BOQ1.pdf;8
Spesifikasi Hardware - Golden Unit Server Category 4 - Dell R760 - 6444Y 3.6G, 16C x2;Unconfigured RAID (Qty=1);BOQ1.pdf;8
Spesifikasi Hardware - Golden Unit Server Category 4 - Dell R760 - 6444Y 3.6G, 16C x2;PERC H965i Controller, Front (Qty=1);BOQ1.pdf;8
Spesifikasi Hardware - Golden Unit Server Category 4 - Dell R760 - 6444Y 3.6G, 16C x2;Front PERC Mechanical Parts, rear load (Qty=1);BOQ1.pdf;8
Spesifikasi Hardware - Golden Unit Server Category 4 - Dell R760 - 6444Y 3.6G, 16C x2;3.84TB SSD SATA Read Intensive 6Gbps 512 2.5in Hot-plug AG Drive, 1 DWPD (Qty=2);BOQ1.pdf;8
Spesifikasi Hardware - Golden Unit Server Category 4 - Dell R760 - 6444Y 3.6G, 16C x2;Performance BIOS Setting (Qty=1);BOQ1.pdf;8
Spesifikasi Hardware - Golden Unit Server Category 4 - Dell R760 - 6444Y 3.6G, 16C x2;UEFI BIOS Boot Mode with GPT Partition (Qty=1);BOQ1.pdf;8
Spesifikasi Hardware - Golden Unit Server Category 4 - Dell R760 - 6444Y 3.6G, 16C x2;Very High Performance Fan x6 (Qty=1);BOQ1.pdf;8
Spesifikasi Hardware - Golden Unit Server Category 4 - Dell R760 - 6444Y 3.6G, 16C x2;Spesifikasi Teknis (Qty=1);BOQ1.pdf;9
Spesifikasi Hardware - Golden Unit Server Category 4 - Dell R760 - 6444Y 3.6G, 16C x2;Dual, Hot-Plug,Power Supply Fault Tolerant Redundant (1+1), 1400W, Mixed Mode (Qty=1);BOQ1.pdf;9
Spesifikasi Hardware - Golden Unit Server Category 4 - Dell R760 - 6444Y 3.6G, 16C x2;Jumper Cord - C13/C14, 4M, 250V, 10A (US, EU, TW, APCC countries except ANZ) (Qty=2);BOQ1.pdf;9
Spesifikasi Hardware - Golden Unit Server Category 4 - Dell R760 - 6444Y 3.6G, 16C x2;Power Cord - C13, 1.9M, 250V, 10A (Indonesia, Laos, Vietnam) (Qty=2);BOQ1.pdf;9
Spesifikasi Hardware - Golden Unit Server Category 4 - Dell R760 - 6444Y 3.6G, 16C x2;Riser Config 1, 6x8 FH Slots (Gen4), 2x16 LP Slots (Gen4) (Qty=1);BOQ1.pdf;9
Spesifikasi Hardware - Golden Unit Server Category 4 - Dell R760 - 6444Y 3.6G, 16C x2;Motherboard supports ALL CPUs (required for CPUs 250W and above) (Qty=1);BOQ1.pdf;9
Spesifikasi Hardware - Golden Unit Server Category 4 - Dell R760 - 6444Y 3.6G, 16C x2;Intel i350 Quad Port 1GbE BASE-T, OCP NIC 3.0 (Qty=1);BOQ1.pdf;9
Spesifikasi Hardware - Golden Unit Server Category 4 - Dell R760 - 6444Y 3.6G, 16C x2;Broadcom 5720 Dual Port 1GbE LOM (Qty=1);BOQ1.pdf;9
Spesifikasi Hardware - Golden Unit Server Category 4 - Dell R760 - 6444Y 3.6G, 16C x2;Intel Ethernet i350 Quad Port 1GbE BASE-T Adapter, PCIe Full Height, V2, FIRMWARE RESTRICTIONS APPLY (Qty=1);BOQ1.pdf;9
Spesifikasi Hardware - Golden Unit Server Category 4 - Dell R760 - 6444Y 3.6G, 16C x2;Intel E810-XXV Dual Port 10/25GbE SFP28 Adapter, PCIe Full Height (Qty=1);BOQ1.pdf;9
Spesifikasi Hardware - Golden Unit Server Category 4 - Dell R760 - 6444Y 3.6G, 16C x2;SFP28 SR Optic, 25GbE, 85C, for all SFP28 ports (Qty=2);BOQ1.pdf;9
Spesifikasi Hardware - Golden Unit Server Category 4 - Dell R760 - 6444Y 3.6G, 16C x2;No Cables Required, No GPU Blanks (Qty=1);BOQ1.pdf;9
Spesifikasi Hardware - Golden Unit Server Category 4 - Dell R760 - 6444Y 3.6G, 16C x2;PowerEdge 2U Standard Bezel (Qty=1);BOQ1.pdf;9
Spesifikasi Hardware - Golden Unit Server Category 4 - Dell R760 - 6444Y 3.6G, 16C x2;BOSS Blank (Qty=1);BOQ1.pdf;9
Spesifikasi Hardware - Golden Unit Server Category 4 - Dell R760 - 6444Y 3.6G, 16C x2;Red Hat Enterprise Linux, Non Factory Install, Requires License & Subscription Selection (Qty=1);BOQ1.pdf;9
Spesifikasi Hardware - Golden Unit Server Category 4 - Dell R760 - 6444Y 3.6G, 16C x2;No Media Required (Qty=1);BOQ1.pdf;9
Spesifikasi Hardware - Golden Unit Server Category 4 - Dell R760 - 6444Y 3.6G, 16C x2;RHEL, 2SKT,1 Physical OR 2Guest,3Yr PREMIUM SUB,Digitally Fulfilled (Qty=1);BOQ1.pdf;9
Spesifikasi Hardware - Golden Unit Server Category 4 - Dell R760 - 6444Y 3.6G, 16C x2;iDRAC9, Enterprise 16G (Qty=1);BOQ1.pdf;9
Spesifikasi Hardware - Golden Unit Server Category 4 - Dell R760 - 6444Y 3.6G, 16C x2;OpenManage Enterprise Advanced (Qty=1);BOQ1.pdf;9
Spesifikasi Hardware - Golden Unit Server Category 4 - Dell R760 - 6444Y 3.6G, 16C x2;No Quick Sync (Qty=1);BOQ1.pdf;9
Spesifikasi Hardware - Golden Unit Server Category 4 - Dell R760 - 6444Y 3.6G, 16C x2;iDRAC,Legacy Password (Qty=1);BOQ1.pdf;9
Spesifikasi Hardware - Golden Unit Server Category 4 - Dell R760 - 6444Y 3.6G, 16C x2;iDRAC Service Module (ISM), NOT Installed (Qty=1);BOQ1.pdf;9
Spesifikasi Hardware - Golden Unit Server Category 4 - Dell R760 - 6444Y 3.6G, 16C x2;iDRAC Group Manager, Enabled (Qty=1);BOQ1.pdf;9
Spesifikasi Hardware - Golden Unit Server Category 4 - Dell R760 - 6444Y 3.6G, 16C x2;Cable Management Arm, 2U (Qty=1);BOQ1.pdf;9
Spesifikasi Hardware - Golden Unit Server Category 4 - Dell R760 - 6444Y 3.6G, 16C x2;ReadyRails Sliding Rails (Qty=1);BOQ1.pdf;9
Spesifikasi Hardware - Golden Unit Server Category 4 - Dell R760 - 6444Y 3.6G, 16C x2;Fan Foam, HDD 2U (Qty=1);BOQ1.pdf;9
Spesifikasi Hardware - Golden Unit Server Category 4 - Dell R760 - 6444Y 3.6G, 16C x2;No Systems Documentation, No OpenManage DVD Kit (Qty=1);BOQ1.pdf;9
Spesifikasi Hardware - Golden Unit Server Category 4 - Dell R760 - 6444Y 3.6G, 16C x2;Prosupport Plus and 4Hr Mission Critical, 36 Month(s) (Qty=1);BOQ1.pdf;9
Spesifikasi Hardware - Server Category 5 - Dell R760 - 6444Y 3.6G, 16C x2;Specification each unit : (Qty=1);BOQ1.pdf;9
Spesifikasi Hardware - Server Category 5 - Dell R760 - 6444Y 3.6G, 16C x2;PowerEdge R760 Server (Qty=1);BOQ1.pdf;9
Spesifikasi Hardware - Server Category 5 - Dell R760 - 6444Y 3.6G, 16C x2;Trusted Platform Module 2.0 V3 (Qty=1);BOQ1.pdf;9
Spesifikasi Hardware - Server Category 5 - Dell R760 - 6444Y 3.6G, 16C x2;"2.5"" Chassis with up to 24 Drives (16 SAS/SATA + 8 NVMe Direct), Front PERC 12, 2 CPU (Qty=1)";BOQ1.pdf;9
Spesifikasi Hardware - Server Category 5 - Dell R760 - 6444Y 3.6G, 16C x2;Intel  Xeon  Gold 6444Y 3.6G, 16C/32T, 16GT/s, 45M Cache, Turbo, HT (270W) DDR5-4800 (Qty=1);BOQ1.pdf;9
Spesifikasi Hardware - Server Category 5 - Dell R760 - 6444Y 3.6G, 16C x2;Intel  Xeon  Gold 6444Y 3.6G, 16C/32T, 16GT/s, 45M Cache, Turbo, HT (270W) DDR5-4800 (Qty=1);BOQ1.pdf;9
Spesifikasi Hardware - Server Category 5 - Dell R760 - 6444Y 3.6G, 16C x2;Heatsink for 2 CPU configuration (CPU greater than 165W) (Qty=1);BOQ1.pdf;9
Spesifikasi Hardware - Server Category 5 - Dell R760 - 6444Y 3.6G, 16C x2;Performance Optimized (Qty=1);BOQ1.pdf;9
Spesifikasi Hardware - Server Category 5 - Dell R760 - 6444Y 3.6G, 16C x2;4800MT/s RDIMMs (Qty=1);BOQ1.pdf;9
Spesifikasi Hardware - Server Category 5 - Dell R760 - 6444Y 3.6G, 16C x2;16GB RDIMM, 4800MT/s Single Rank (Qty=16);BOQ1.pdf;9
Spesifikasi Hardware - Server Category 5 - Dell R760 - 6444Y 3.6G, 16C x2;Unconfigured RAID (Qty=1);BOQ1.pdf;9
Spesifikasi Hardware - Server Category 5 - Dell R760 - 6444Y 3.6G, 16C x2;PERC H965i Controller, Front (Qty=1);BOQ1.pdf;9
Spesifikasi Hardware - Server Category 5 - Dell R760 - 6444Y 3.6G, 16C x2;Front PERC Mechanical Parts, rear load (Qty=1);BOQ1.pdf;9
Spesifikasi Hardware - Server Category 5 - Dell R760 - 6444Y 3.6G, 16C x2;3.84TB SSD SATA Read Intensive 6Gbps 512 2.5in Hot-plug AG Drive, 1 DWPD (Qty=2);BOQ1.pdf;9
Spesifikasi Hardware - Server Category 5 - Dell R760 - 6444Y 3.6G, 16C x2;Performance BIOS Setting (Qty=1);BOQ1.pdf;9
Spesifikasi Hardware - Server Category 5 - Dell R760 - 6444Y 3.6G, 16C x2;UEFI BIOS Boot Mode with GPT Partition (Qty=1);BOQ1.pdf;9
Spesifikasi Hardware - Server Category 5 - Dell R760 - 6444Y 3.6G, 16C x2;Spesifikasi Teknis (Qty=1);BOQ1.pdf;10
Spesifikasi Hardware - Server Category 5 - Dell R760 - 6444Y 3.6G, 16C x2;Very High Performance Fan x6 (Qty=1);BOQ1.pdf;10
Spesifikasi Hardware - Server Category 5 - Dell R760 - 6444Y 3.6G, 16C x2;Dual, Hot-Plug,Power Supply Fault Tolerant Redundant (1+1), 1400W, Mixed Mode (Qty=1);BOQ1.pdf;10
Spesifikasi Hardware - Server Category 5 - Dell R760 - 6444Y 3.6G, 16C x2;Jumper Cord - C13/C14, 4M, 250V, 10A (US, EU, TW, APCC countries except ANZ) (Qty=2);BOQ1.pdf;10
Spesifikasi Hardware - Server Category 5 - Dell R760 - 6444Y 3.6G, 16C x2;Power Cord - C13, 1.9M, 250V, 10A (Indonesia, Laos, Vietnam) (Qty=2);BOQ1.pdf;10
Spesifikasi Hardware - Server Category 5 - Dell R760 - 6444Y 3.6G, 16C x2;Riser Config 1, 6x8 FH Slots (Gen4), 2x16 LP Slots (Gen4) (Qty=1);BOQ1.pdf;10
Spesifikasi Hardware - Server Category 5 - Dell R760 - 6444Y 3.6G, 16C x2;Motherboard supports ALL CPUs (required for CPUs 250W and above) (Qty=1);BOQ1.pdf;10
Spesifikasi Hardware - Server Category 5 - Dell R760 - 6444Y 3.6G, 16C x2;Intel i350 Quad Port 1GbE BASE-T, OCP NIC 3.0 (Qty=1);BOQ1.pdf;10
Spesifikasi Hardware - Server Category 5 - Dell R760 - 6444Y 3.6G, 16C x2;Broadcom 5720 Dual Port 1GbE LOM (Qty=1);BOQ1.pdf;10
Spesifikasi Hardware - Server Category 5 - Dell R760 - 6444Y 3.6G, 16C x2;Intel Ethernet i350 Quad Port 1GbE BASE-T Adapter, PCIe Full Height, V2 (Qty=1);BOQ1.pdf;10
Spesifikasi Hardware - Server Category 5 - Dell R760 - 6444Y 3.6G, 16C x2;Intel E810-XXV Dual Port 10/25GbE SFP28 Adapter, PCIe Full Height (Qty=2);BOQ1.pdf;10
Spesifikasi Hardware - Server Category 5 - Dell R760 - 6444Y 3.6G, 16C x2;SFP28 SR Optic, 25GbE, 85C, for all SFP28 ports (Qty=4);BOQ1.pdf;10
Spesifikasi Hardware - Server Category 5 - Dell R760 - 6444Y 3.6G, 16C x2;No Cables Required, No GPU Blanks (Qty=1);BOQ1.pdf;10
Spesifikasi Hardware - Server Category 5 - Dell R760 - 6444Y 3.6G, 16C x2;PowerEdge 2U Standard Bezel (Qty=1);BOQ1.pdf;10
Spesifikasi Hardware - Server Category 5 - Dell R760 - 6444Y 3.6G, 16C x2;BOSS Blank (Qty=1);BOQ1.pdf;10
Spesifikasi Hardware - Server Category 5 - Dell R760 - 6444Y 3.6G, 16C x2;Red Hat Enterprise Linux, Non Factory Install, Requires License & Subscription Selection (Qty=1);BOQ1.pdf;10
Spesifikasi Hardware - Server Category 5 - Dell R760 - 6444Y 3.6G, 16C x2;No Media Required (Qty=1);BOQ1.pdf;10
Spesifikasi Hardware - Server Category 5 - Dell R760 - 6444Y 3.6G, 16C x2;RHEL, 2SKT,1 Physical OR 2Guest,3Yr PREMIUM SUB,Digitally Fulfilled (Qty=1);BOQ1.pdf;10
Spesifikasi Hardware - Server Category 5 - Dell R760 - 6444Y 3.6G, 16C x2;iDRAC9, Enterprise 16G (Qty=1);BOQ1.pdf;10
Spesifikasi Hardware - Server Category 5 - Dell R760 - 6444Y 3.6G, 16C x2;OpenManage Enterprise Advanced (Qty=1);BOQ1.pdf;10
Spesifikasi Hardware - Server Category 5 - Dell R760 - 6444Y 3.6G, 16C x2;No Quick Sync (Qty=1);BOQ1.pdf;10
Spesifikasi Hardware - Server Category 5 - Dell R760 - 6444Y 3.6G, 16C x2;iDRAC,Legacy Password (Qty=1);BOQ1.pdf;10
Spesifikasi Hardware - Server Category 5 - Dell R760 - 6444Y 3.6G, 16C x2;iDRAC Service Module (ISM), NOT Installed (Qty=1);BOQ1.pdf;10
Spesifikasi Hardware - Server Category 5 - Dell R760 - 6444Y 3.6G, 16C x2;iDRAC Group Manager, Enabled (Qty=1);BOQ1.pdf;10
Spesifikasi Hardware - Server Category 5 - Dell R760 - 6444Y 3.6G, 16C x2;Cable Management Arm, 2U (Qty=1);BOQ1.pdf;10
Spesifikasi Hardware - Server Category 5 - Dell R760 - 6444Y 3.6G, 16C x2;ReadyRails Sliding Rails (Qty=1);BOQ1.pdf;10
Spesifikasi Hardware - Server Category 5 - Dell R760 - 6444Y 3.6G, 16C x2;No Systems Documentation, No OpenManage DVD Kit (Qty=1);BOQ1.pdf;10
Spesifikasi Hardware - Server Category 5 - Dell R760 - 6444Y 3.6G, 16C x2;Prosupport Plus and 4Hr Mission Critical, 36 Month(s) (Qty=1);BOQ1.pdf;10
Spesifikasi Hardware - Golden Unit Server Category 5 - Dell R760 - 6444Y 3.6G, 16C x2;Specification each unit : (Qty=1);BOQ1.pdf;10
Spesifikasi Hardware - Golden Unit Server Category 5 - Dell R760 - 6444Y 3.6G, 16C x2;PowerEdge R760 Server (Qty=1);BOQ1.pdf;10
Spesifikasi Hardware - Golden Unit Server Category 5 - Dell R760 - 6444Y 3.6G, 16C x2;Trusted Platform Module 2.0 V3 (Qty=1);BOQ1.pdf;10
Spesifikasi Hardware - Golden Unit Server Category 5 - Dell R760 - 6444Y 3.6G, 16C x2;"2.5"" Chassis with up to 24 Drives (16 SAS/SATA + 8 NVMe Direct), Front PERC 12, 2 CPU (Qty=1)";BOQ1.pdf;10
Spesifikasi Hardware - Golden Unit Server Category 5 - Dell R760 - 6444Y 3.6G, 16C x2;Intel  Xeon  Gold 6444Y 3.6G, 16C/32T, 16GT/s, 45M Cache, Turbo, HT (270W) DDR5-4800 (Qty=1);BOQ1.pdf;10
Spesifikasi Hardware - Golden Unit Server Category 5 - Dell R760 - 6444Y 3.6G, 16C x2;Intel  Xeon  Gold 6444Y 3.6G, 16C/32T, 16GT/s, 45M Cache, Turbo, HT (270W) DDR5-4800 (Qty=1);BOQ1.pdf;10
Spesifikasi Hardware - Golden Unit Server Category 5 - Dell R760 - 6444Y 3.6G, 16C x2;Heatsink for 2 CPU configuration (CPU greater than 165W) (Qty=1);BOQ1.pdf;10
Spesifikasi Hardware - Golden Unit Server Category 5 - Dell R760 - 6444Y 3.6G, 16C x2;Performance Optimized (Qty=1);BOQ1.pdf;10
Spesifikasi Hardware - Golden Unit Server Category 5 - Dell R760 - 6444Y 3.6G, 16C x2;4800MT/s RDIMMs (Qty=1);BOQ1.pdf;10
Spesifikasi Hardware - Golden Unit Server Category 5 - Dell R760 - 6444Y 3.6G, 16C x2;16GB RDIMM, 4800MT/s Single Rank (Qty=16);BOQ1.pdf;10
Spesifikasi Hardware - Golden Unit Server Category 5 - Dell R760 - 6444Y 3.6G, 16C x2;Unconfigured RAID (Qty=1);BOQ1.pdf;10
Spesifikasi Hardware - Golden Unit Server Category 5 - Dell R760 - 6444Y 3.6G, 16C x2;PERC H965i Controller, Front (Qty=1);BOQ1.pdf;10
Spesifikasi Hardware - Golden Unit Server Category 5 - Dell R760 - 6444Y 3.6G, 16C x2;Front PERC Mechanical Parts, rear load (Qty=1);BOQ1.pdf;10
Spesifikasi Hardware - Golden Unit Server Category 5 - Dell R760 - 6444Y 3.6G, 16C x2;3.84TB SSD SATA Read Intensive 6Gbps 512 2.5in Hot-plug AG Drive, 1 DWPD (Qty=2);BOQ1.pdf;10
Spesifikasi Hardware - Golden Unit Server Category 5 - Dell R760 - 6444Y 3.6G, 16C x2;Performance BIOS Setting (Qty=1);BOQ1.pdf;10
Spesifikasi Hardware - Golden Unit Server Category 5 - Dell R760 - 6444Y 3.6G, 16C x2;UEFI BIOS Boot Mode with GPT Partition (Qty=1);BOQ1.pdf;10
Spesifikasi Hardware - Golden Unit Server Category 5 - Dell R760 - 6444Y 3.6G, 16C x2;Very High Performance Fan x6 (Qty=1);BOQ1.pdf;10
Spesifikasi Hardware - Golden Unit Server Category 5 - Dell R760 - 6444Y 3.6G, 16C x2;Spesifikasi Teknis (Qty=1);BOQ1.pdf;11
Spesifikasi Hardware - Golden Unit Server Category 5 - Dell R760 - 6444Y 3.6G, 16C x2;Dual, Hot-Plug,Power Supply Fault Tolerant Redundant (1+1), 1400W, Mixed Mode (Qty=1);BOQ1.pdf;11
Spesifikasi Hardware - Golden Unit Server Category 5 - Dell R760 - 6444Y 3.6G, 16C x2;Jumper Cord - C13/C14, 4M, 250V, 10A (US, EU, TW, APCC countries except ANZ) (Qty=2);BOQ1.pdf;11
Spesifikasi Hardware - Golden Unit Server Category 5 - Dell R760 - 6444Y 3.6G, 16C x2;Power Cord - C13, 1.9M, 250V, 10A (Indonesia, Laos, Vietnam) (Qty=2);BOQ1.pdf;11
Spesifikasi Hardware - Golden Unit Server Category 5 - Dell R760 - 6444Y 3.6G, 16C x2;Riser Config 1, 6x8 FH Slots (Gen4), 2x16 LP Slots (Gen4) (Qty=1);BOQ1.pdf;11
Spesifikasi Hardware - Golden Unit Server Category 5 - Dell R760 - 6444Y 3.6G, 16C x2;Motherboard supports ALL CPUs (required for CPUs 250W and above) (Qty=1);BOQ1.pdf;11
Spesifikasi Hardware - Golden Unit Server Category 5 - Dell R760 - 6444Y 3.6G, 16C x2;Intel i350 Quad Port 1GbE BASE-T, OCP NIC 3.0 (Qty=1);BOQ1.pdf;11
Spesifikasi Hardware - Golden Unit Server Category 5 - Dell R760 - 6444Y 3.6G, 16C x2;Broadcom 5720 Dual Port 1GbE LOM (Qty=1);BOQ1.pdf;11
Spesifikasi Hardware - Golden Unit Server Category 5 - Dell R760 - 6444Y 3.6G, 16C x2;Intel Ethernet i350 Quad Port 1GbE BASE-T Adapter, PCIe Full Height, V2 (Qty=1);BOQ1.pdf;11
Spesifikasi Hardware - Golden Unit Server Category 5 - Dell R760 - 6444Y 3.6G, 16C x2;Intel E810-XXV Dual Port 10/25GbE SFP28 Adapter, PCIe Full Height (Qty=2);BOQ1.pdf;11
Spesifikasi Hardware - Golden Unit Server Category 5 - Dell R760 - 6444Y 3.6G, 16C x2;SFP28 SR Optic, 25GbE, 85C, for all SFP28 ports (Qty=4);BOQ1.pdf;11
Spesifikasi Hardware - Golden Unit Server Category 5 - Dell R760 - 6444Y 3.6G, 16C x2;No Cables Required, No GPU Blanks (Qty=1);BOQ1.pdf;11
Spesifikasi Hardware - Golden Unit Server Category 5 - Dell R760 - 6444Y 3.6G, 16C x2;PowerEdge 2U Standard Bezel (Qty=1);BOQ1.pdf;11
Spesifikasi Hardware - Golden Unit Server Category 5 - Dell R760 - 6444Y 3.6G, 16C x2;BOSS Blank (Qty=1);BOQ1.pdf;11
Spesifikasi Hardware - Golden Unit Server Category 5 - Dell R760 - 6444Y 3.6G, 16C x2;Red Hat Enterprise Linux, Non Factory Install, Requires License & Subscription Selection (Qty=1);BOQ1.pdf;11
Spesifikasi Hardware - Golden Unit Server Category 5 - Dell R760 - 6444Y 3.6G, 16C x2;No Media Required (Qty=1);BOQ1.pdf;11
Spesifikasi Hardware - Golden Unit Server Category 5 - Dell R760 - 6444Y 3.6G, 16C x2;RHEL, 2SKT,1 Physical OR 2Guest,3Yr PREMIUM SUB,Digitally Fulfilled (Qty=1);BOQ1.pdf;11
Spesifikasi Hardware - Golden Unit Server Category 5 - Dell R760 - 6444Y 3.6G, 16C x2;iDRAC9, Enterprise 16G (Qty=1);BOQ1.pdf;11
Spesifikasi Hardware - Golden Unit Server Category 5 - Dell R760 - 6444Y 3.6G, 16C x2;OpenManage Enterprise Advanced (Qty=1);BOQ1.pdf;11
Spesifikasi Hardware - Golden Unit Server Category 5 - Dell R760 - 6444Y 3.6G, 16C x2;No Quick Sync (Qty=1);BOQ1.pdf;11
Spesifikasi Hardware - Golden Unit Server Category 5 - Dell R760 - 6444Y 3.6G, 16C x2;iDRAC,Legacy Password (Qty=1);BOQ1.pdf;11
Spesifikasi Hardware - Golden Unit Server Category 5 - Dell R760 - 6444Y 3.6G, 16C x2;iDRAC Service Module (ISM), NOT Installed (Qty=1);BOQ1.pdf;11
Spesifikasi Hardware - Golden Unit Server Category 5 - Dell R760 - 6444Y 3.6G, 16C x2;iDRAC Group Manager, Enabled (Qty=1);BOQ1.pdf;11
Spesifikasi Hardware - Golden Unit Server Category 5 - Dell R760 - 6444Y 3.6G, 16C x2;Cable Management Arm, 2U (Qty=1);BOQ1.pdf;11
Spesifikasi Hardware - Golden Unit Server Category 5 - Dell R760 - 6444Y 3.6G, 16C x2;ReadyRails Sliding Rails (Qty=1);BOQ1.pdf;11
Spesifikasi Hardware - Golden Unit Server Category 5 - Dell R760 - 6444Y 3.6G, 16C x2;No Systems Documentation, No OpenManage DVD Kit (Qty=1);BOQ1.pdf;11
Spesifikasi Hardware - Golden Unit Server Category 5 - Dell R760 - 6444Y 3.6G, 16C x2;Prosupport Plus and 4Hr Mission Critical, 36 Month(s) (Qty=1);BOQ1.pdf;11
Spesifikasi Hardware - Server Category 6 - Dell R760 - 6444Y 3.6G, 16C x2;Specification each unit : (Qty=1);BOQ1.pdf;11
Spesifikasi Hardware - Server Category 6 - Dell R760 - 6444Y 3.6G, 16C x2;PowerEdge R760 Server (Qty=1);BOQ1.pdf;11
Spesifikasi Hardware - Server Category 6 - Dell R760 - 6444Y 3.6G, 16C x2;Trusted Platform Module 2.0 V3 (Qty=1);BOQ1.pdf;11
Spesifikasi Hardware - Server Category 6 - Dell R760 - 6444Y 3.6G, 16C x2;"2.5"" Chassis with up to 24 Drives (16 SAS/SATA + 8 NVMe Direct), Front PERC 12 (Qty=1)";BOQ1.pdf;11
Spesifikasi Hardware - Server Category 6 - Dell R760 - 6444Y 3.6G, 16C x2;Intel  Xeon  Gold 6444Y 3.6G, 16C/32T, 16GT/s, 45M Cache, Turbo, HT (270W) DDR5-4800 (Qty=1);BOQ1.pdf;11
Spesifikasi Hardware - Server Category 6 - Dell R760 - 6444Y 3.6G, 16C x2;Intel  Xeon  Gold 6444Y 3.6G, 16C/32T, 16GT/s, 45M Cache, Turbo, HT (270W) DDR5-4800 (Qty=1);BOQ1.pdf;11
Spesifikasi Hardware - Server Category 6 - Dell R760 - 6444Y 3.6G, 16C x2;Heatsink for 2 CPU configuration (CPU greater than 165W) (Qty=1);BOQ1.pdf;11
Spesifikasi Hardware - Server Category 6 - Dell R760 - 6444Y 3.6G, 16C x2;Performance Optimized (Qty=1);BOQ1.pdf;11
Spesifikasi Hardware - Server Category 6 - Dell R760 - 6444Y 3.6G, 16C x2;4800MT/s RDIMMs (Qty=1);BOQ1.pdf;11
Spesifikasi Hardware - Server Category 6 - Dell R760 - 6444Y 3.6G, 16C x2;32GB RDIMM, 4800MT/s Dual Rank (Qty=2);BOQ1.pdf;11
Spesifikasi Hardware - Server Category 6 - Dell R760 - 6444Y 3.6G, 16C x2;Unconfigured RAID (Qty=1);BOQ1.pdf;11
Spesifikasi Hardware - Server Category 6 - Dell R760 - 6444Y 3.6G, 16C x2;PERC H965i Controller, Front (Qty=1);BOQ1.pdf;11
Spesifikasi Hardware - Server Category 6 - Dell R760 - 6444Y 3.6G, 16C x2;Front PERC Mechanical Parts, rear load (Qty=1);BOQ1.pdf;11
Spesifikasi Hardware - Server Category 6 - Dell R760 - 6444Y 3.6G, 16C x2;3.84TB SSD SATA Read Intensive 6Gbps 512 2.5in Hot-plug AG Drive, 1 DWPD (Qty=2);BOQ1.pdf;11
Spesifikasi Hardware - Server Category 6 - Dell R760 - 6444Y 3.6G, 16C x2;Performance BIOS Setting (Qty=1);BOQ1.pdf;11
Spesifikasi Hardware - Server Category 6 - Dell R760 - 6444Y 3.6G, 16C x2;UEFI BIOS Boot Mode with GPT Partition (Qty=1);BOQ1.pdf;11
Spesifikasi Hardware - Server Category 6 - Dell R760 - 6444Y 3.6G, 16C x2;Very High Performance Fan x6 (Qty=1);BOQ1.pdf;11
Spesifikasi Hardware - Server Category 6 - Dell R760 - 6444Y 3.6G, 16C x2;Dual, Hot-Plug,Power Supply Fault Tolerant Redundant (1+1), 1400W, Mixed Mode (Qty=1);BOQ1.pdf;11
Spesifikasi Hardware - Server Category 6 - Dell R760 - 6444Y 3.6G, 16C x2;Spesifikasi Teknis (Qty=1);BOQ1.pdf;12
Spesifikasi Hardware - Server Category 6 - Dell R760 - 6444Y 3.6G, 16C x2;Jumper Cord - C13/C14, 4M, 250V, 10A (US, EU, TW, APCC countries except ANZ) (Qty=2);BOQ1.pdf;12
Spesifikasi Hardware - Server Category 6 - Dell R760 - 6444Y 3.6G, 16C x2;Power Cord - C13, 1.9M, 250V, 10A (Indonesia, Laos, Vietnam) (Qty=2);BOQ1.pdf;12
Spesifikasi Hardware - Server Category 6 - Dell R760 - 6444Y 3.6G, 16C x2;Riser Config 1, 6x8 FH Slots (Gen4), 2x16 LP Slots (Gen4) (Qty=1);BOQ1.pdf;12
Spesifikasi Hardware - Server Category 6 - Dell R760 - 6444Y 3.6G, 16C x2;Motherboard supports ALL CPUs (required for CPUs 250W and above) (Qty=1);BOQ1.pdf;12
Spesifikasi Hardware - Server Category 6 - Dell R760 - 6444Y 3.6G, 16C x2;Intel i350 Quad Port 1GbE BASE-T, OCP NIC 3.0 (Qty=1);BOQ1.pdf;12
Spesifikasi Hardware - Server Category 6 - Dell R760 - 6444Y 3.6G, 16C x2;Broadcom 5720 Dual Port 1GbE LOM (Qty=1);BOQ1.pdf;12
Spesifikasi Hardware - Server Category 6 - Dell R760 - 6444Y 3.6G, 16C x2;Intel Ethernet i350 Quad Port 1GbE BASE-T Adapter, PCIe Full Height, V2, (Qty=1);BOQ1.pdf;12
Spesifikasi Hardware - Server Category 6 - Dell R760 - 6444Y 3.6G, 16C x2;Intel E810-XXV Dual Port 10/25GbE SFP28 Adapter, PCIe Full Height (Qty=1);BOQ1.pdf;12
Spesifikasi Hardware - Server Category 6 - Dell R760 - 6444Y 3.6G, 16C x2;SFP28 SR Optic, 25GbE, 85C, for all SFP28 ports (Qty=2);BOQ1.pdf;12
Spesifikasi Hardware - Server Category 6 - Dell R760 - 6444Y 3.6G, 16C x2;No Cables Required, (Qty=1);BOQ1.pdf;12
Spesifikasi Hardware - Server Category 6 - Dell R760 - 6444Y 3.6G, 16C x2;PowerEdge 2U Standard Bezel (Qty=1);BOQ1.pdf;12
Spesifikasi Hardware - Server Category 6 - Dell R760 - 6444Y 3.6G, 16C x2;Assembly BOSS Blank (Qty=1);BOQ1.pdf;12
Spesifikasi Hardware - Server Category 6 - Dell R760 - 6444Y 3.6G, 16C x2;Red Hat Enterprise Linux, Non Factory Install, Requires License & Subscription Selection (Qty=1);BOQ1.pdf;12
Spesifikasi Hardware - Server Category 6 - Dell R760 - 6444Y 3.6G, 16C x2;No Media Required (Qty=1);BOQ1.pdf;12
Spesifikasi Hardware - Server Category 6 - Dell R760 - 6444Y 3.6G, 16C x2;RHEL, 2SKT,1 Physical OR 2Guest,3Yr PREMIUM SUB,Digitally Fulfilled (Qty=1);BOQ1.pdf;12
Spesifikasi Hardware - Server Category 6 - Dell R760 - 6444Y 3.6G, 16C x2;iDRAC9, Enterprise 16G (Qty=1);BOQ1.pdf;12
Spesifikasi Hardware - Server Category 6 - Dell R760 - 6444Y 3.6G, 16C x2;OpenManage Enterprise Advanced (Qty=1);BOQ1.pdf;12
Spesifikasi Hardware - Server Category 6 - Dell R760 - 6444Y 3.6G, 16C x2;No Quick Sync (Qty=1);BOQ1.pdf;12
Spesifikasi Hardware - Server Category 6 - Dell R760 - 6444Y 3.6G, 16C x2;iDRAC,Legacy Password (Qty=1);BOQ1.pdf;12
Spesifikasi Hardware - Server Category 6 - Dell R760 - 6444Y 3.6G, 16C x2;iDRAC Service Module (ISM), NOT Installed (Qty=1);BOQ1.pdf;12
Spesifikasi Hardware - Server Category 6 - Dell R760 - 6444Y 3.6G, 16C x2;iDRAC Group Manager, Enabled (Qty=1);BOQ1.pdf;12
Spesifikasi Hardware - Server Category 6 - Dell R760 - 6444Y 3.6G, 16C x2;Cable Management Arm, 2U (Qty=1);BOQ1.pdf;12
Spesifikasi Hardware - Server Category 6 - Dell R760 - 6444Y 3.6G, 16C x2;ReadyRails Sliding Rails (Qty=1);BOQ1.pdf;12
Spesifikasi Hardware - Server Category 6 - Dell R760 - 6444Y 3.6G, 16C x2;No Systems Documentation, No OpenManage DVD Kit (Qty=1);BOQ1.pdf;12
Spesifikasi Hardware - Server Category 6 - Dell R760 - 6444Y 3.6G, 16C x2;Prosupport Plus and 4Hr Mission Critical, 36 Month(s) (Qty=1);BOQ1.pdf;12
Spesifikasi Hardware - Golden Unit Server Category 6 - Dell R760 - 6444Y 3.6G, 16C x2;Specification each unit : (Qty=1);BOQ1.pdf;12
Spesifikasi Hardware - Golden Unit Server Category 6 - Dell R760 - 6444Y 3.6G, 16C x2;PowerEdge R760 Server (Qty=1);BOQ1.pdf;12
Spesifikasi Hardware - Golden Unit Server Category 6 - Dell R760 - 6444Y 3.6G, 16C x2;Trusted Platform Module 2.0 V3 (Qty=1);BOQ1.pdf;12
Spesifikasi Hardware - Golden Unit Server Category 6 - Dell R760 - 6444Y 3.6G, 16C x2;"2.5"" Chassis with up to 24 Drives (16 SAS/SATA + 8 NVMe Direct), Front PERC 12 (Qty=1)";BOQ1.pdf;12
Spesifikasi Hardware - Golden Unit Server Category 6 - Dell R760 - 6444Y 3.6G, 16C x2;Intel  Xeon  Gold 6444Y 3.6G, 16C/32T, 16GT/s, 45M Cache, Turbo, HT (270W) DDR5-4800 (Qty=1);BOQ1.pdf;12
Spesifikasi Hardware - Golden Unit Server Category 6 - Dell R760 - 6444Y 3.6G, 16C x2;Intel  Xeon  Gold 6444Y 3.6G, 16C/32T, 16GT/s, 45M Cache, Turbo, HT (270W) DDR5-4800 (Qty=1);BOQ1.pdf;12
Spesifikasi Hardware - Golden Unit Server Category 6 - Dell R760 - 6444Y 3.6G, 16C x2;Heatsink for 2 CPU configuration (CPU greater than 165W) (Qty=1);BOQ1.pdf;12
Spesifikasi Hardware - Golden Unit Server Category 6 - Dell R760 - 6444Y 3.6G, 16C x2;Performance Optimized (Qty=1);BOQ1.pdf;12
Spesifikasi Hardware - Golden Unit Server Category 6 - Dell R760 - 6444Y 3.6G, 16C x2;4800MT/s RDIMMs (Qty=1);BOQ1.pdf;12
Spesifikasi Hardware - Golden Unit Server Category 6 - Dell R760 - 6444Y 3.6G, 16C x2;32GB RDIMM, 4800MT/s Dual Rank (Qty=2);BOQ1.pdf;12
Spesifikasi Hardware - Golden Unit Server Category 6 - Dell R760 - 6444Y 3.6G, 16C x2;Unconfigured RAID (Qty=1);BOQ1.pdf;12
Spesifikasi Hardware - Golden Unit Server Category 6 - Dell R760 - 6444Y 3.6G, 16C x2;PERC H965i Controller, Front (Qty=1);BOQ1.pdf;12
Spesifikasi Hardware - Golden Unit Server Category 6 - Dell R760 - 6444Y 3.6G, 16C x2;Front PERC Mechanical Parts, rear load (Qty=1);BOQ1.pdf;12
Spesifikasi Hardware - Golden Unit Server Category 6 - Dell R760 - 6444Y 3.6G, 16C x2;3.84TB SSD SATA Read Intensive 6Gbps 512 2.5in Hot-plug AG Drive, 1 DWPD (Qty=2);BOQ1.pdf;12
Spesifikasi Hardware - Golden Unit Server Category 6 - Dell R760 - 6444Y 3.6G, 16C x2;Performance BIOS Setting (Qty=1);BOQ1.pdf;12
Spesifikasi Hardware - Golden Unit Server Category 6 - Dell R760 - 6444Y 3.6G, 16C x2;UEFI BIOS Boot Mode with GPT Partition (Qty=1);BOQ1.pdf;12
Spesifikasi Hardware - Golden Unit Server Category 6 - Dell R760 - 6444Y 3.6G, 16C x2;Very High Performance Fan x6 (Qty=1);BOQ1.pdf;12
Spesifikasi Hardware - Golden Unit Server Category 6 - Dell R760 - 6444Y 3.6G, 16C x2;Dual, Hot-Plug,Power Supply Fault Tolerant Redundant (1+1), 1400W, Mixed Mode (Qty=1);BOQ1.pdf;12
Spesifikasi Hardware - Golden Unit Server Category 6 - Dell R760 - 6444Y 3.6G, 16C x2;Jumper Cord - C13/C14, 4M, 250V, 10A (US, EU, TW, APCC countries except ANZ) (Qty=2);BOQ1.pdf;12
Spesifikasi Hardware - Golden Unit Server Category 6 - Dell R760 - 6444Y 3.6G, 16C x2;Spesifikasi Teknis (Qty=1);BOQ1.pdf;13
Spesifikasi Hardware - Golden Unit Server Category 6 - Dell R760 - 6444Y 3.6G, 16C x2;Power Cord - C13, 1.9M, 250V, 10A (Indonesia, Laos, Vietnam) (Qty=2);BOQ1.pdf;13
Spesifikasi Hardware - Golden Unit Server Category 6 - Dell R760 - 6444Y 3.6G, 16C x2;Riser Config 1, 6x8 FH Slots (Gen4), 2x16 LP Slots (Gen4) (Qty=1);BOQ1.pdf;13
Spesifikasi Hardware - Golden Unit Server Category 6 - Dell R760 - 6444Y 3.6G, 16C x2;Motherboard supports ALL CPUs (required for CPUs 250W and above) (Qty=1);BOQ1.pdf;13
Spesifikasi Hardware - Golden Unit Server Category 6 - Dell R760 - 6444Y 3.6G, 16C x2;Intel i350 Quad Port 1GbE BASE-T, OCP NIC 3.0 (Qty=1);BOQ1.pdf;13
Spesifikasi Hardware - Golden Unit Server Category 6 - Dell R760 - 6444Y 3.6G, 16C x2;Broadcom 5720 Dual Port 1GbE LOM (Qty=1);BOQ1.pdf;13
Spesifikasi Hardware - Golden Unit Server Category 6 - Dell R760 - 6444Y 3.6G, 16C x2;Intel Ethernet i350 Quad Port 1GbE BASE-T Adapter, PCIe Full Height, V2, (Qty=1);BOQ1.pdf;13
Spesifikasi Hardware - Golden Unit Server Category 6 - Dell R760 - 6444Y 3.6G, 16C x2;Intel E810-XXV Dual Port 10/25GbE SFP28 Adapter, PCIe Full Height (Qty=1);BOQ1.pdf;13
Spesifikasi Hardware - Golden Unit Server Category 6 - Dell R760 - 6444Y 3.6G, 16C x2;SFP28 SR Optic, 25GbE, 85C, for all SFP28 ports (Qty=2);BOQ1.pdf;13
Spesifikasi Hardware - Golden Unit Server Category 6 - Dell R760 - 6444Y 3.6G, 16C x2;No Cables Required, (Qty=1);BOQ1.pdf;13
Spesifikasi Hardware - Golden Unit Server Category 6 - Dell R760 - 6444Y 3.6G, 16C x2;PowerEdge 2U Standard Bezel (Qty=1);BOQ1.pdf;13
Spesifikasi Hardware - Golden Unit Server Category 6 - Dell R760 - 6444Y 3.6G, 16C x2;Assembly BOSS Blank (Qty=1);BOQ1.pdf;13
Spesifikasi Hardware - Golden Unit Server Category 6 - Dell R760 - 6444Y 3.6G, 16C x2;Red Hat Enterprise Linux, Non Factory Install, Requires License & Subscription Selection (Qty=1);BOQ1.pdf;13
Spesifikasi Hardware - Golden Unit Server Category 6 - Dell R760 - 6444Y 3.6G, 16C x2;No Media Required (Qty=1);BOQ1.pdf;13
Spesifikasi Hardware - Golden Unit Server Category 6 - Dell R760 - 6444Y 3.6G, 16C x2;RHEL, 2SKT,1 Physical OR 2Guest,3Yr PREMIUM SUB,Digitally Fulfilled (Qty=1);BOQ1.pdf;13
Spesifikasi Hardware - Golden Unit Server Category 6 - Dell R760 - 6444Y 3.6G, 16C x2;iDRAC9, Enterprise 16G (Qty=1);BOQ1.pdf;13
Spesifikasi Hardware - Golden Unit Server Category 6 - Dell R760 - 6444Y 3.6G, 16C x2;OpenManage Enterprise Advanced (Qty=1);BOQ1.pdf;13
Spesifikasi Hardware - Golden Unit Server Category 6 - Dell R760 - 6444Y 3.6G, 16C x2;No Quick Sync (Qty=1);BOQ1.pdf;13
Spesifikasi Hardware - Golden Unit Server Category 6 - Dell R760 - 6444Y 3.6G, 16C x2;iDRAC,Legacy Password (Qty=1);BOQ1.pdf;13
Spesifikasi Hardware - Golden Unit Server Category 6 - Dell R760 - 6444Y 3.6G, 16C x2;iDRAC Service Module (ISM), NOT Installed (Qty=1);BOQ1.pdf;13
Spesifikasi Hardware - Golden Unit Server Category 6 - Dell R760 - 6444Y 3.6G, 16C x2;iDRAC Group Manager, Enabled (Qty=1);BOQ1.pdf;13
Spesifikasi Hardware - Golden Unit Server Category 6 - Dell R760 - 6444Y 3.6G, 16C x2;Cable Management Arm, 2U (Qty=1);BOQ1.pdf;13
Spesifikasi Hardware - Golden Unit Server Category 6 - Dell R760 - 6444Y 3.6G, 16C x2;ReadyRails Sliding Rails (Qty=1);BOQ1.pdf;13
Spesifikasi Hardware - Golden Unit Server Category 6 - Dell R760 - 6444Y 3.6G, 16C x2;No Systems Documentation, No OpenManage DVD Kit (Qty=1);BOQ1.pdf;13
Spesifikasi Hardware - Golden Unit Server Category 6 - Dell R760 - 6444Y 3.6G, 16C x2;Prosupport Plus and 4Hr Mission Critical, 36 Month(s) (Qty=1);BOQ1.pdf;13
Spesifikasi Hardware - Server Category 7 - Dell R760 - 6444Y 3.6G, 16C x2;Specification each unit : (Qty=1);BOQ1.pdf;13
Spesifikasi Hardware - Server Category 7 - Dell R760 - 6444Y 3.6G, 16C x2;PowerEdge R760 Server (Qty=1);BOQ1.pdf;13
Spesifikasi Hardware - Server Category 7 - Dell R760 - 6444Y 3.6G, 16C x2;Trusted Platform Module 2.0 V3 (Qty=1);BOQ1.pdf;13
Spesifikasi Hardware - Server Category 7 - Dell R760 - 6444Y 3.6G, 16C x2;"2.5"" Chassis with up to 24 Drives (16 SAS/SATA + 8 NVMe Direct), Front PERC 12, 2 CPU (Qty=1)";BOQ1.pdf;13
Spesifikasi Hardware - Server Category 7 - Dell R760 - 6444Y 3.6G, 16C x2;Intel  Xeon  Gold 6444Y 3.6G, 16C/32T, 16GT/s, 45M Cache, Turbo, HT (270W) DDR5-4800 (Qty=1);BOQ1.pdf;13
Spesifikasi Hardware - Server Category 7 - Dell R760 - 6444Y 3.6G, 16C x2;Intel  Xeon  Gold 6444Y 3.6G, 16C/32T, 16GT/s, 45M Cache, Turbo, HT (270W) DDR5-4800 (Qty=1);BOQ1.pdf;13
Spesifikasi Hardware - Server Category 7 - Dell R760 - 6444Y 3.6G, 16C x2;Heatsink for 2 CPU configuration (CPU greater than 165W) (Qty=1);BOQ1.pdf;13
Spesifikasi Hardware - Server Category 7 - Dell R760 - 6444Y 3.6G, 16C x2;Performance Optimized (Qty=1);BOQ1.pdf;13
Spesifikasi Hardware - Server Category 7 - Dell R760 - 6444Y 3.6G, 16C x2;4800MT/s RDIMMs (Qty=1);BOQ1.pdf;13
Spesifikasi Hardware - Server Category 7 - Dell R760 - 6444Y 3.6G, 16C x2;16GB RDIMM, 4800MT/s Single Rank (Qty=16);BOQ1.pdf;13
Spesifikasi Hardware - Server Category 7 - Dell R760 - 6444Y 3.6G, 16C x2;C33, RAID 1 with NVMe and front PERC (Qty=1);BOQ1.pdf;13
Spesifikasi Hardware - Server Category 7 - Dell R760 - 6444Y 3.6G, 16C x2;PERC H965i Controller, Front (Qty=1);BOQ1.pdf;13
Spesifikasi Hardware - Server Category 7 - Dell R760 - 6444Y 3.6G, 16C x2;Front PERC Mechanical Parts, rear load (Qty=1);BOQ1.pdf;13
Spesifikasi Hardware - Server Category 7 - Dell R760 - 6444Y 3.6G, 16C x2;BOSS-N1 controller card + with 2 M.2 480GB (RAID 1) (Qty=1);BOQ1.pdf;13
Spesifikasi Hardware - Server Category 7 - Dell R760 - 6444Y 3.6G, 16C x2;BOSS Cables and Bracket for R760 (Riser 1) (Qty=1);BOQ1.pdf;13
Spesifikasi Hardware - Server Category 7 - Dell R760 - 6444Y 3.6G, 16C x2;1.6TB Enterprise NVMe Mixed Use AG Drive U.2 Gen4 with carrier (Qty=2);BOQ1.pdf;13
Spesifikasi Hardware - Server Category 7 - Dell R760 - 6444Y 3.6G, 16C x2;Performance BIOS Setting (Qty=1);BOQ1.pdf;13
Spesifikasi Hardware - Server Category 7 - Dell R760 - 6444Y 3.6G, 16C x2;UEFI BIOS Boot Mode with GPT Partition (Qty=1);BOQ1.pdf;13
Spesifikasi Hardware - Server Category 7 - Dell R760 - 6444Y 3.6G, 16C x2;Very High Performance Fan x6 (Qty=1);BOQ1.pdf;13
Spesifikasi Hardware - Server Category 7 - Dell R760 - 6444Y 3.6G, 16C x2;Dual, Hot-Plug,Power Supply Fault Tolerant Redundant (1+1), 1400W, Mixed Mode (Qty=1);BOQ1.pdf;13
Spesifikasi Hardware - Server Category 7 - Dell R760 - 6444Y 3.6G, 16C x2;Spesifikasi Teknis (Qty=1);BOQ1.pdf;14
Spesifikasi Hardware - Server Category 7 - Dell R760 - 6444Y 3.6G, 16C x2;Jumper Cord - C13/C14, 4M, 250V, 10A (US, EU, TW, APCC countries except ANZ) (Qty=2);BOQ1.pdf;14
Spesifikasi Hardware - Server Category 7 - Dell R760 - 6444Y 3.6G, 16C x2;Power Cord - C13, 1.9M, 250V, 10A (Indonesia, Laos, Vietnam) (Qty=2);BOQ1.pdf;14
Spesifikasi Hardware - Server Category 7 - Dell R760 - 6444Y 3.6G, 16C x2;Riser Config 1, 6x8 FH Slots (Gen4), 2x16 LP Slots (Gen4) (Qty=1);BOQ1.pdf;14
Spesifikasi Hardware - Server Category 7 - Dell R760 - 6444Y 3.6G, 16C x2;Motherboard supports ALL CPUs (required for CPUs 250W and above) (Qty=1);BOQ1.pdf;14
Spesifikasi Hardware - Server Category 7 - Dell R760 - 6444Y 3.6G, 16C x2;Intel E810-XXV Dual Port 10/25GbE SFP28, OCP NIC 3.0 (Qty=1);BOQ1.pdf;14
Spesifikasi Hardware - Server Category 7 - Dell R760 - 6444Y 3.6G, 16C x2;Broadcom 5720 Dual Port 1GbE LOM (Qty=1);BOQ1.pdf;14
Spesifikasi Hardware - Server Category 7 - Dell R760 - 6444Y 3.6G, 16C x2;Intel E810-XXV Dual Port 10/25GbE SFP28 Adapter, PCIe Full Height (Qty=3);BOQ1.pdf;14
Spesifikasi Hardware - Server Category 7 - Dell R760 - 6444Y 3.6G, 16C x2;Intel E810-XXV Dual Port 10/25GbE SFP28 Adapter, PCIe Low Profile (Qty=1);BOQ1.pdf;14
Spesifikasi Hardware - Server Category 7 - Dell R760 - 6444Y 3.6G, 16C x2;SFP28 SR Optic, 25GbE, 85C, for all SFP28 ports (Qty=2);BOQ1.pdf;14
Spesifikasi Hardware - Server Category 7 - Dell R760 - 6444Y 3.6G, 16C x2;SFP+, SR, Optical Transceiver, Intel, 10Gb-1Gb (Qty=8);BOQ1.pdf;14
Spesifikasi Hardware - Server Category 7 - Dell R760 - 6444Y 3.6G, 16C x2;No Cables Required, (Qty=1);BOQ1.pdf;14
Spesifikasi Hardware - Server Category 7 - Dell R760 - 6444Y 3.6G, 16C x2;PowerEdge 2U Standard Bezel (Qty=1);BOQ1.pdf;14
Spesifikasi Hardware - Server Category 7 - Dell R760 - 6444Y 3.6G, 16C x2;Assembly BOSS Blank (Qty=1);BOQ1.pdf;14
Spesifikasi Hardware - Server Category 7 - Dell R760 - 6444Y 3.6G, 16C x2;Red Hat Enterprise Linux, Non Factory Install, Requires License & Subscription Selection (Qty=1);BOQ1.pdf;14
Spesifikasi Hardware - Server Category 7 - Dell R760 - 6444Y 3.6G, 16C x2;No Media Required (Qty=1);BOQ1.pdf;14
Spesifikasi Hardware - Server Category 7 - Dell R760 - 6444Y 3.6G, 16C x2;RHEL, 2SKT,1 Physical OR 2Guest,3Yr PREMIUM SUB,Digitally Fulfilled (Qty=1);BOQ1.pdf;14
Spesifikasi Hardware - Server Category 7 - Dell R760 - 6444Y 3.6G, 16C x2;iDRAC9, Enterprise 16G (Qty=1);BOQ1.pdf;14
Spesifikasi Hardware - Server Category 7 - Dell R760 - 6444Y 3.6G, 16C x2;OpenManage Enterprise Advanced (Qty=1);BOQ1.pdf;14
Spesifikasi Hardware - Server Category 7 - Dell R760 - 6444Y 3.6G, 16C x2;No Quick Sync (Qty=1);BOQ1.pdf;14
Spesifikasi Hardware - Server Category 7 - Dell R760 - 6444Y 3.6G, 16C x2;iDRAC,Legacy Password (Qty=1);BOQ1.pdf;14
Spesifikasi Hardware - Server Category 7 - Dell R760 - 6444Y 3.6G, 16C x2;iDRAC Service Module (ISM), NOT Installed (Qty=1);BOQ1.pdf;14
Spesifikasi Hardware - Server Category 7 - Dell R760 - 6444Y 3.6G, 16C x2;iDRAC Group Manager, Enabled (Qty=1);BOQ1.pdf;14
Spesifikasi Hardware - Server Category 7 - Dell R760 - 6444Y 3.6G, 16C x2;Cable Management Arm, 2U (Qty=1);BOQ1.pdf;14
Spesifikasi Hardware - Server Category 7 - Dell R760 - 6444Y 3.6G, 16C x2;ReadyRails Sliding Rails (Qty=1);BOQ1.pdf;14
Spesifikasi Hardware - Server Category 7 - Dell R760 - 6444Y 3.6G, 16C x2;No Systems Documentation, No OpenManage DVD Kit (Qty=1);BOQ1.pdf;14
Spesifikasi Hardware - Server Category 7 - Dell R760 - 6444Y 3.6G, 16C x2;Prosupport Plus and 4Hr Mission Critical, 36 Month(s) (Qty=1);BOQ1.pdf;14
Spesifikasi Hardware - Central OOB Server - Dell R360;Specification each unit : (Qty=1);BOQ1.pdf;14
Spesifikasi Hardware - Central OOB Server - Dell R360;PowerEdge R360 Server (Qty=1);BOQ1.pdf;14
Spesifikasi Hardware - Central OOB Server - Dell R360;Trusted Platform Module 2.0 V3 (Qty=1);BOQ1.pdf;14
Spesifikasi Hardware - Central OOB Server - Dell R360;"2.5"" Chassis with up to 8 Hot Plug Hard Drives, Adapter PERC 11, No BOSS Support (Qty=1)";BOQ1.pdf;14
Spesifikasi Hardware - Central OOB Server - Dell R360;Intel  Xeon  E-2414 2.6G, 4C/4T, 8M Cache, Turbo, HT (55W) DDR5-4800 (Qty=1);BOQ1.pdf;14
Spesifikasi Hardware - Central OOB Server - Dell R360;Heatsink (Qty=1);BOQ1.pdf;14
Spesifikasi Hardware - Central OOB Server - Dell R360;Performance Optimized (Qty=1);BOQ1.pdf;14
Spesifikasi Hardware - Central OOB Server - Dell R360;4800MT/s UDIMMs (Qty=1);BOQ1.pdf;14
Spesifikasi Hardware - Central OOB Server - Dell R360;32GB UDIMM, 4800MT/s ECC (Qty=2);BOQ1.pdf;14
Spesifikasi Hardware - Central OOB Server - Dell R360;RAID 1 (Qty=1);BOQ1.pdf;14
Spesifikasi Hardware - Central OOB Server - Dell R360;PERC H355 Adapter (Qty=1);BOQ1.pdf;14
Spesifikasi Hardware - Central OOB Server - Dell R360;960GB SSD SATA Read Intensive 6Gbps 512 2.5in Hot-plug AG Drive, 1 DWPD (Qty=2);BOQ1.pdf;14
Spesifikasi Hardware - Central OOB Server - Dell R360;Performance BIOS Setting (Qty=1);BOQ1.pdf;14
Spesifikasi Hardware - Central OOB Server - Dell R360;UEFI BIOS Boot Mode with GPT Partition (Qty=1);BOQ1.pdf;14
Spesifikasi Hardware - Central OOB Server - Dell R360;No Energy Star (Qty=1);BOQ1.pdf;14
Spesifikasi Hardware - Central OOB Server - Dell R360;Standard Fan (Qty=1);BOQ1.pdf;14
Spesifikasi Hardware - Central OOB Server - Dell R360;Dual, Hot-Plug, Redundant Power Supply (1+1), 600W MM (Qty=1);BOQ1.pdf;14
Spesifikasi Hardware - Central OOB Server - Dell R360;Jumper Cord - C13/C14, 2M, 250V, 10A (EU, TW, APCC countries except ANZ) (Qty=2);BOQ1.pdf;14
Spesifikasi Hardware - Central OOB Server - Dell R360;Power Cord - C13, 1.9M, 250V, 10A (Indonesia, Laos, Vietnam) (Qty=2);BOQ1.pdf;14
Spesifikasi Hardware - Central OOB Server - Dell R360;Riser Config 2, Butterfly Gen4 Riser (x8/x8) (Qty=1);BOQ1.pdf;14
Spesifikasi Hardware - Central OOB Server - Dell R360;Spesifikasi Teknis (Qty=1);BOQ1.pdf;15
Spesifikasi Hardware - Central OOB Server - Dell R360;PowerEdge R360 Motherboard with with Broadcom 5720 Dual Port 1Gb On-Board LOM (Qty=1);BOQ1.pdf;15
Spesifikasi Hardware - Central OOB Server - Dell R360;PowerEdge 1U Standard Bezel (Qty=1);BOQ1.pdf;15
Spesifikasi Hardware - Central OOB Server - Dell R360;BOSS Blank (Qty=1);BOQ1.pdf;15
Spesifikasi Hardware - Central OOB Server - Dell R360;Red Hat Enterprise Linux 9.2 Factory Install,x64,Requires Subscription Selection (Qty=1);BOQ1.pdf;15
Spesifikasi Hardware - Central OOB Server - Dell R360;No Media Required (Qty=1);BOQ1.pdf;15
Spesifikasi Hardware - Central OOB Server - Dell R360;RHEL, 2SKT,1 Physical OR 2Guest,3Yr PREMIUM SUB,Digitally Fulfilled (Qty=1);BOQ1.pdf;15
Spesifikasi Hardware - Central OOB Server - Dell R360;iDRAC9, Enterprise 16G (Qty=1);BOQ1.pdf;15
Spesifikasi Hardware - Central OOB Server - Dell R360;OpenManage Enterprise Advanced (Qty=1);BOQ1.pdf;15
Spesifikasi Hardware - Central OOB Server - Dell R360;Force Change Password iDRAC9 x4 (Qty=1);BOQ1.pdf;15
Spesifikasi Hardware - Central OOB Server - Dell R360;iDRAC Service Module (ISM), NOT Installed (Qty=1);BOQ1.pdf;15
Spesifikasi Hardware - Central OOB Server - Dell R360;iDRAC Group Manager, Disabled (Qty=1);BOQ1.pdf;15
Spesifikasi Hardware - Central OOB Server - Dell R360;ReadyRails  Sliding Rails With Cable Management Arm (Qty=1);BOQ1.pdf;15
Spesifikasi Hardware - Central OOB Server - Dell R360;No Systems Documentation, No OpenManage DVD Kit (Qty=1);BOQ1.pdf;15
Spesifikasi Hardware - Central OOB Server - Dell R360;Prosupport Plus and 4Hr Mission Critical, 36 Month(s) (Qty=1);BOQ1.pdf;15
KVM LCD Aten;KL1516AN-AXA-AG (Qty=1);BOQ1.pdf;15
KVM LCD Aten;"19"" Multiplatform 16 Port LCD KVM. Dual Rail/Console. Cat 5 extension to 40 M (Qty=1)";BOQ1.pdf;15
KVM Adapter Aten;KA7570-AX (Qty=1);BOQ1.pdf;15
KVM Adapter Aten;USB CPU Module for KH15xxA, KH25xxA, KL15xxA series (Qty=1);BOQ1.pdf;15
KVM Adapter Aten;Patch Cord 5 Meter (Qty=1);BOQ1.pdf;15
KVM Adapter Aten;Cat.6 4Pair UTP Stranded Patch Cord 5 meter (Red) (Qty=1);BOQ1.pdf;15
License SolarFlare XtremeScale X2522 PLUS;3 x SOLR-PRM-ESS-OL-1PK (Qty=1);BOQ1.pdf;15
License SolarFlare XtremeScale X2522 PLUS;"3xEnterprise Service and Support - PREMIUM Subscription 1 pack Annual for Onload server adapters. Note: 100 unit MinimumInitial Quantity (MIQ); furthermore, Premium ESS subscription must cover all server adapters purchased by customer.(3 years Support Duration) (Qty=1)";BOQ1.pdf;15
